"movies","genre","rating","stars","votes","runtime","gross"
"The Hitman's Bodyguard","
Action, Comedy, Crime            ",6.9,"
    Director:
Patrick Hughes
| 
    Stars:
Ryan Reynolds, 
Samuel L. Jackson, 
Gary Oldman, 
Elodie Yung
",205979,118,75.47
"Jurassic Park","
Action, Adventure, Sci-Fi            ",8.1,"
    Director:
Steven Spielberg
| 
    Stars:
Sam Neill, 
Laura Dern, 
Jeff Goldblum, 
Richard Attenborough
",897444,127,402.45
"Don't Breathe","
Crime, Horror, Thriller            ",7.1,"
    Director:
Fede Alvarez
| 
    Stars:
Stephen Lang, 
Jane Levy, 
Dylan Minnette, 
Daniel Zovatto
",237601,88,89.22
"The Lord of the Rings: The Fellowship of the Ring","
Action, Adventure, Drama            ",8.8,"
    Director:
Peter Jackson
| 
    Stars:
Elijah Wood, 
Ian McKellen, 
Orlando Bloom, 
Sean Bean
",1713028,178,315.54
"Escape Room","
Action, Adventure, Horror            ",6.4,"
    Director:
Adam Robitel
| 
    Stars:
Taylor Russell, 
Logan Miller, 
Jay Ellis, 
Tyler Labine
",99351,99,57.01
"Jaws","
Adventure, Thriller            ",8,"
    Director:
Steven Spielberg
| 
    Stars:
Roy Scheider, 
Robert Shaw, 
Richard Dreyfuss, 
Lorraine Gary
",558731,124,260
"The Departed","
Crime, Drama, Thriller            ",8.5,"
    Director:
Martin Scorsese
| 
    Stars:
Leonardo DiCaprio, 
Matt Damon, 
Jack Nicholson, 
Mark Wahlberg
",1227522,151,132.38
"Gone Girl","
Drama, Mystery, Thriller            ",8.1,"
    Director:
David Fincher
| 
    Stars:
Ben Affleck, 
Rosamund Pike, 
Neil Patrick Harris, 
Tyler Perry
",895888,149,167.77
"Jumanji: Welcome to the Jungle","
Action, Adventure, Comedy            ",6.9,"
    Director:
Jake Kasdan
| 
    Stars:
Dwayne Johnson, 
Karen Gillan, 
Kevin Hart, 
Jack Black
",337900,119,404.52
"American Psycho","
Comedy, Crime, Drama            ",7.6,"
    Director:
Mary Harron
| 
    Stars:
Christian Bale, 
Justin Theroux, 
Josh Lucas, 
Bill Sage
",517014,101,15.07
"Kill Bill: Vol. 1","
Action, Crime, Drama            ",8.1,"
    Director:
Quentin Tarantino
| 
    Stars:
Uma Thurman, 
David Carradine, 
Daryl Hannah, 
Michael Madsen
",1034554,111,70.1
"300","
Action, Drama            ",7.6,"
    Director:
Zack Snyder
| 
    Stars:
Gerard Butler, 
Lena Headey, 
David Wenham, 
Dominic West
",751815,117,210.61
"It","
Horror            ",7.3,"
    Director:
Andy Muschietti
| 
    Stars:
Bill Skarsgård, 
Jaeden Martell, 
Finn Wolfhard, 
Sophia Lillis
",480607,135,327.48
"Spider-Man: Far from Home","
Action, Adventure, Sci-Fi            ",7.5,"
    Director:
Jon Watts
| 
    Stars:
Tom Holland, 
Samuel L. Jackson, 
Jake Gyllenhaal, 
Marisa Tomei
",363012,129,390.53
"The Hobbit: An Unexpected Journey","
Adventure, Fantasy            ",7.8,"
    Director:
Peter Jackson
| 
    Stars:
Martin Freeman, 
Ian McKellen, 
Richard Armitage, 
Andy Serkis
",774632,169,303
"Clueless","
Comedy, Romance            ",6.8,"
    Director:
Amy Heckerling
| 
    Stars:
Alicia Silverstone, 
Stacey Dash, 
Brittany Murphy, 
Paul Rudd
",194461,97,56.63
"Baywatch","
Action, Comedy, Crime            ",5.5,"
    Director:
Seth Gordon
| 
    Stars:
Dwayne Johnson, 
Zac Efron, 
Alexandra Daddario, 
Priyanka Chopra Jonas
",170844,116,58.06
"Fast & Furious 7","
Action, Adventure, Thriller            ",7.1,"
    Director:
James Wan
| 
    Stars:
Vin Diesel, 
Paul Walker, 
Dwayne Johnson, 
Jason Statham
",371194,137,353.01
"Sicario","
Action, Crime, Drama            ",7.6,"
    Director:
Denis Villeneuve
| 
    Stars:
Emily Blunt, 
Josh Brolin, 
Benicio Del Toro, 
Jon Bernthal
",387903,121,46.89
"The Irishman","
Biography, Crime, Drama            ",7.8,"
    Director:
Martin Scorsese
| 
    Stars:
Robert De Niro, 
Al Pacino, 
Joe Pesci, 
Harvey Keitel
",345455,209,7
"The Lord of the Rings: The Return of the King","
Action, Adventure, Drama            ",8.9,"
    Director:
Peter Jackson
| 
    Stars:
Elijah Wood, 
Viggo Mortensen, 
Ian McKellen, 
Orlando Bloom
",1691777,201,377.85
"Baby Driver","
Action, Crime, Drama            ",7.6,"
    Director:
Edgar Wright
| 
    Stars:
Ansel Elgort, 
Jon Bernthal, 
Jon Hamm, 
Eiza González
",468655,113,107.83
"Spider-Man","
Action, Adventure, Sci-Fi            ",7.3,"
    Director:
Sam Raimi
| 
    Stars:
Tobey Maguire, 
Kirsten Dunst, 
Willem Dafoe, 
James Franco
",709684,121,403.71
"Jumanji: The Next Level","
Action, Adventure, Comedy            ",6.7,"
    Director:
Jake Kasdan
| 
    Stars:
Dwayne Johnson, 
Jack Black, 
Kevin Hart, 
Karen Gillan
",205638,123,316.83
"Arrival","
Drama, Sci-Fi            ",7.9,"
    Director:
Denis Villeneuve
| 
    Stars:
Amy Adams, 
Jeremy Renner, 
Forest Whitaker, 
Michael Stuhlbarg
",623912,116,100.55
"Taxi Driver","
Crime, Drama            ",8.2,"
    Director:
Martin Scorsese
| 
    Stars:
Robert De Niro, 
Jodie Foster, 
Cybill Shepherd, 
Albert Brooks
",752553,114,28.26
"Grease","
Musical, Romance            ",7.2,"
    Director:
Randal Kleiser
| 
    Stars:
John Travolta, 
Olivia Newton-John, 
Stockard Channing, 
Jeff Conaway
",250587,110,188.76
"Venom","
Action, Adventure, Sci-Fi            ",6.7,"
    Director:
Ruben Fleischer
| 
    Stars:
Tom Hardy, 
Michelle Williams, 
Riz Ahmed, 
Scott Haze
",390167,112,213.52
"The Fate of the Furious","
Action, Adventure, Crime            ",6.6,"
    Director:
F. Gary Gray
| 
    Stars:
Vin Diesel, 
Jason Statham, 
Dwayne Johnson, 
Michelle Rodriguez
",215795,136,226.01
"Captain America: Civil War","
Action, Adventure, Sci-Fi            ",7.8,"
    Directors:
Anthony Russo, 
Joe Russo
| 
    Stars:
Chris Evans, 
Robert Downey Jr., 
Scarlett Johansson, 
Sebastian Stan
",697750,147,408.08
"Sen to Chihiro no kamikakushi","
Animation, Adventure, Family            ",8.6,"
    Director:
Hayao Miyazaki
| 
    Stars:
Daveigh Chase, 
Suzanne Pleshette, 
Miyu Irino, 
Rumi Hiiragi
",682809,125,10.06
"The Girl in the Spider's Web","
Action, Crime, Drama            ",6.1,"
    Director:
Fede Alvarez
| 
    Stars:
Claire Foy, 
Beau Gadsdon, 
Sverrir Gudnason, 
LaKeith Stanfield
",43896,115,14.84
"Kong: Skull Island","
Action, Adventure, Fantasy            ",6.6,"
    Director:
Jordan Vogt-Roberts
| 
    Stars:
Tom Hiddleston, 
Samuel L. Jackson, 
Brie Larson, 
John C. Reilly
",294292,118,168.05
"The Revenant","
Action, Adventure, Drama            ",8,"
    Director:
Alejandro G. Iñárritu
| 
    Stars:
Leonardo DiCaprio, 
Tom Hardy, 
Will Poulter, 
Domhnall Gleeson
",732244,156,183.64
"The Lord of the Rings: The Two Towers","
Action, Adventure, Drama            ",8.7,"
    Director:
Peter Jackson
| 
    Stars:
Elijah Wood, 
Ian McKellen, 
Viggo Mortensen, 
Orlando Bloom
",1529752,179,342.55
"Legally Blonde","
Comedy, Romance            ",6.3,"
    Director:
Robert Luketic
| 
    Stars:
Reese Witherspoon, 
Luke Wilson, 
Selma Blair, 
Matthew Davis
",195752,96,96.52
"Ocean's Eight","
Action, Comedy, Crime            ",6.3,"
    Director:
Gary Ross
| 
    Stars:
Sandra Bullock, 
Cate Blanchett, 
Anne Hathaway, 
Mindy Kaling
",197909,110,140.22
"Pirates of the Caribbean: Dead Men Tell No Tales","
Action, Adventure, Fantasy            ",6.5,"
    Directors:
Joachim Rønning, 
Espen Sandberg
| 
    Stars:
Johnny Depp, 
Geoffrey Rush, 
Javier Bardem, 
Orlando Bloom
",276173,129,172.56
"2001: A Space Odyssey","
Adventure, Sci-Fi            ",8.3,"
    Director:
Stanley Kubrick
| 
    Stars:
Keir Dullea, 
Gary Lockwood, 
William Sylvester, 
Daniel Richter
",622998,149,56.95
"Batman v Superman: Dawn of Justice","
Action, Adventure, Sci-Fi            ",6.4,"
    Director:
Zack Snyder
| 
    Stars:
Ben Affleck, 
Henry Cavill, 
Amy Adams, 
Jesse Eisenberg
",657423,152,330.36
"Mother!","
Drama, Horror, Mystery            ",6.6,"
    Director:
Darren Aronofsky
| 
    Stars:
Jennifer Lawrence, 
Javier Bardem, 
Ed Harris, 
Michelle Pfeiffer
",201141,121,17.8
"National Lampoon's Animal House","
Comedy            ",7.5,"
    Director:
John Landis
| 
    Stars:
John Belushi, 
Karen Allen, 
Tom Hulce, 
Stephen Furst
",115289,109,0.2
"Midnight in Paris","
Comedy, Fantasy, Romance            ",7.7,"
    Director:
Woody Allen
| 
    Stars:
Owen Wilson, 
Rachel McAdams, 
Kathy Bates, 
Kurt Fuller
",399157,94,56.82
"Kill Bill: Vol. 2","
Action, Crime, Thriller            ",8,"
    Director:
Quentin Tarantino
| 
    Stars:
Uma Thurman, 
David Carradine, 
Michael Madsen, 
Daryl Hannah
",706053,137,66.21
"Moneyball","
Biography, Drama, Sport            ",7.6,"
    Director:
Bennett Miller
| 
    Stars:
Brad Pitt, 
Robin Wright, 
Jonah Hill, 
Philip Seymour Hoffman
",386263,133,75.61
"Snowpiercer","
Action, Drama, Sci-Fi            ",7.1,"
    Director:
Bong Joon Ho
| 
    Stars:
Chris Evans, 
Jamie Bell, 
Tilda Swinton, 
Ed Harris
",335946,126,4.56
"300: Rise of an Empire","
Action, Drama            ",6.2,"
    Director:
Noam Murro
| 
    Stars:
Sullivan Stapleton, 
Eva Green, 
Lena Headey, 
Hans Matheson
",286734,102,106.58
"Kimi no na wa.","
Animation, Drama, Fantasy            ",8.4,"
    Director:
Makoto Shinkai
| 
    Stars:
Ryûnosuke Kamiki, 
Mone Kamishiraishi, 
Ryô Narita, 
Aoi Yûki
",217433,106,5.02
"Booksmart","
Comedy            ",7.2,"
    Director:
Olivia Wilde
| 
    Stars:
Kaitlyn Dever, 
Beanie Feldstein, 
Jessica Williams, 
Jason Sudeikis
",103143,102,22.68
"Jaws 2","
Adventure, Horror, Thriller            ",5.8,"
    Director:
Jeannot Szwarc
| 
    Stars:
Roy Scheider, 
Lorraine Gary, 
Murray Hamilton, 
Joseph Mascolo
",73931,116,102.92
"Tropic Thunder","
Action, Comedy, War            ",7,"
    Director:
Ben Stiller
| 
    Stars:
Ben Stiller, 
Jack Black, 
Robert Downey Jr., 
Jeff Kahn
",391033,107,110.52
"Beauty and the Beast","
Family, Fantasy, Musical            ",7.1,"
    Director:
Bill Condon
| 
    Stars:
Emma Watson, 
Dan Stevens, 
Luke Evans, 
Josh Gad
",284484,129,504.01
"Hell or High Water","
Action, Crime, Drama            ",7.6,"
    Director:
David Mackenzie
| 
    Stars:
Chris Pine, 
Ben Foster, 
Jeff Bridges, 
Gil Birmingham
",211816,102,26.86
"Marriage Story","
Comedy, Drama, Romance            ",7.9,"
    Director:
Noah Baumbach
| 
    Stars:
Adam Driver, 
Scarlett Johansson, 
Julia Greer, 
Azhy Robertson
",266307,137,2
"Annihilation","
Adventure, Drama, Horror            ",6.8,"
    Director:
Alex Garland
| 
    Stars:
Natalie Portman, 
Jennifer Jason Leigh, 
Tessa Thompson, 
Benedict Wong
",293459,115,32.73
"Wind River","
Crime, Drama, Mystery            ",7.7,"
    Director:
Taylor Sheridan
| 
    Stars:
Elizabeth Olsen, 
Jeremy Renner, 
Graham Greene, 
Kelsey Asbille
",218337,107,33.8
"Frozen","
Animation, Adventure, Comedy            ",7.4,"
    Directors:
Chris Buck, 
Jennifer Lee
| 
    Stars:
Kristen Bell, 
Idina Menzel, 
Jonathan Groff, 
Josh Gad
",586769,102,400.74
"Lo imposible","
Drama, History, Thriller            ",7.6,"
    Director:
J.A. Bayona
| 
    Stars:
Naomi Watts, 
Ewan McGregor, 
Tom Holland, 
Oaklee Pendergast
",208903,114,19.02
"The Nice Guys","
Action, Comedy, Crime            ",7.4,"
    Director:
Shane Black
| 
    Stars:
Russell Crowe, 
Ryan Gosling, 
Angourie Rice, 
Matt Bomer
",295435,116,36.26
"The Snowman","
Crime, Drama, Thriller            ",5.1,"
    Director:
Tomas Alfredson
| 
    Stars:
Michael Fassbender, 
Rebecca Ferguson, 
Charlotte Gainsbourg, 
Jonas Karlsson
",60354,119,6.67
"Moonrise Kingdom","
Comedy, Drama, Romance            ",7.8,"
    Director:
Wes Anderson
| 
    Stars:
Jared Gilman, 
Kara Hayward, 
Bruce Willis, 
Bill Murray
",328550,94,45.51
"Contagion","
Drama, Thriller            ",6.7,"
    Director:
Steven Soderbergh
| 
    Stars:
Matt Damon, 
Kate Winslet, 
Jude Law, 
Gwyneth Paltrow
",290444,106,75.66
"This Is England","
Crime, Drama            ",7.7,"
    Director:
Shane Meadows
| 
    Stars:
Thomas Turgoose, 
Stephen Graham, 
Jo Hartley, 
Andrew Shim
",117889,101,0.33
"Willy Wonka & the Chocolate Factory","
Family, Fantasy, Musical            ",7.8,"
    Director:
Mel Stuart
| 
    Stars:
Gene Wilder, 
Jack Albertson, 
Peter Ostrum, 
Roy Kinnear
",186202,100,4
"Homefront","
Action, Crime, Thriller            ",6.5,"
    Director:
Gary Fleder
| 
    Stars:
Jason Statham, 
James Franco, 
Winona Ryder, 
Kate Bosworth
",113476,100,20.16
"Dead Poets Society","
Comedy, Drama            ",8.1,"
    Director:
Peter Weir
| 
    Stars:
Robin Williams, 
Robert Sean Leonard, 
Ethan Hawke, 
Josh Charles
",443357,128,95.86
"There's Something About Mary","
Comedy, Romance            ",7.1,"
    Directors:
Bobby Farrelly, 
Peter Farrelly
| 
    Stars:
Cameron Diaz, 
Matt Dillon, 
Ben Stiller, 
Lee Evans
",298729,119,176.48
"Lucy","
Action, Sci-Fi, Thriller            ",6.4,"
    Director:
Luc Besson
| 
    Stars:
Scarlett Johansson, 
Morgan Freeman, 
Choi Min-sik, 
Amr Waked
",462122,89,126.66
"The Mummy","
Action, Adventure, Fantasy            ",5.4,"
    Director:
Alex Kurtzman
| 
    Stars:
Tom Cruise, 
Sofia Boutella, 
Annabelle Wallis, 
Russell Crowe
",177592,110,80.1
"Birdman or (The Unexpected Virtue of Ignorance)","
Comedy, Drama            ",7.7,"
    Director:
Alejandro G. Iñárritu
| 
    Stars:
Michael Keaton, 
Zach Galifianakis, 
Edward Norton, 
Andrea Riseborough
",595946,119,42.34
"Knock Knock","
Drama, Thriller            ",4.9,"
    Director:
Eli Roth
| 
    Stars:
Keanu Reeves, 
Lorenza Izzo, 
Ana de Armas, 
Aaron Burns
",87474,99,0.04
"Hauru no ugoku shiro","
Animation, Adventure, Family            ",8.2,"
    Director:
Hayao Miyazaki
| 
    Stars:
Chieko Baishô, 
Takuya Kimura, 
Tatsuya Gashûin, 
Akihiro Miwa
",351466,119,4.71
"Now You See Me","
Crime, Mystery, Thriller            ",7.2,"
    Director:
Louis Leterrier
| 
    Stars:
Jesse Eisenberg, 
Common, 
Mark Ruffalo, 
Woody Harrelson
",614056,115,117.72
"The Lost World: Jurassic Park","
Action, Adventure, Sci-Fi            ",6.6,"
    Director:
Steven Spielberg
| 
    Stars:
Jeff Goldblum, 
Julianne Moore, 
Pete Postlethwaite, 
Vince Vaughn
",390425,129,229.09
"Geostorm","
Action, Sci-Fi, Thriller            ",5.3,"
    Director:
Dean Devlin
| 
    Stars:
Gerard Butler, 
Jim Sturgess, 
Abbie Cornish, 
Alexandra Maria Lara
",99724,109,33.7
"Sausage Party","
Animation, Adventure, Comedy            ",6.1,"
    Directors:
Greg Tiernan, 
Conrad Vernon
| 
    Stars:
Seth Rogen, 
Kristen Wiig, 
Jonah Hill, 
Alistair Abell
",181775,89,97.69
"The Next Three Days","
Action, Crime, Drama            ",7.3,"
    Director:
Paul Haggis
| 
    Stars:
Russell Crowe, 
Elizabeth Banks, 
Liam Neeson, 
Michael Buie
",189815,133,21.15
"Moonlight","
Drama            ",7.4,"
    Director:
Barry Jenkins
| 
    Stars:
Mahershala Ali, 
Naomie Harris, 
Trevante Rhodes, 
Alex R. Hibbert
",285273,111,27.85
"In the Heart of the Sea","
Action, Adventure, Biography            ",6.9,"
    Director:
Ron Howard
| 
    Stars:
Chris Hemsworth, 
Cillian Murphy, 
Brendan Gleeson, 
Ben Whishaw
",128605,122,25.02
"Contact","
Drama, Mystery, Sci-Fi            ",7.5,"
    Director:
Robert Zemeckis
| 
    Stars:
Jodie Foster, 
Matthew McConaughey, 
Tom Skerritt, 
John Hurt
",261289,150,100.92
"Climax","
Drama, Horror, Music            ",7,"
    Director:
Gaspar Noé
| 
    Stars:
Sofia Boutella, 
Romain Guillermic, 
Souheila Yacoub, 
Kiddy Smile
",58051,97,0.8
"Gods of Egypt","
Action, Adventure, Fantasy            ",5.4,"
    Director:
Alex Proyas
| 
    Stars:
Brenton Thwaites, 
Nikolaj Coster-Waldau, 
Gerard Butler, 
Chadwick Boseman
",109959,127,31.15
"Kung Fu Panda 3","
Animation, Action, Adventure            ",7.1,"
    Directors:
Alessandro Carloni, 
Jennifer Yuh Nelson
| 
    Stars:
Jack Black, 
Bryan Cranston, 
Dustin Hoffman, 
Angelina Jolie
",141657,95,143.53
"Ender's Game","
Action, Adventure, Fantasy            ",6.6,"
    Director:
Gavin Hood
| 
    Stars:
Harrison Ford, 
Asa Butterfield, 
Hailee Steinfeld, 
Abigail Breslin
",228812,114,61.74
"Planet of the Apes","
Adventure, Sci-Fi            ",8,"
    Director:
Franklin J. Schaffner
| 
    Stars:
Charlton Heston, 
Roddy McDowall, 
Kim Hunter, 
Maurice Evans
",170681,112,33.4
"Downsizing","
Drama, Fantasy, Sci-Fi            ",5.7,"
    Director:
Alexander Payne
| 
    Stars:
Matt Damon, 
Christoph Waltz, 
Hong Chau, 
Kristen Wiig
",102222,135,24.45
"Lone Survivor","
Action, Biography, Drama            ",7.5,"
    Director:
Peter Berg
| 
    Stars:
Mark Wahlberg, 
Taylor Kitsch, 
Emile Hirsch, 
Ben Foster
",273061,121,125.1
"The Founder","
Biography, Drama            ",7.2,"
    Director:
John Lee Hancock
| 
    Stars:
Michael Keaton, 
Nick Offerman, 
John Carroll Lynch, 
Linda Cardellini
",134759,115,12.79
"Mononoke-hime","
Animation, Action, Adventure            ",8.4,"
    Director:
Hayao Miyazaki
| 
    Stars:
Yôji Matsuda, 
Yuriko Ishida, 
Yûko Tanaka, 
Billy Crudup
",359473,134,2.38
"101 Dalmatians","
Adventure, Comedy, Crime            ",5.7,"
    Director:
Stephen Herek
| 
    Stars:
Glenn Close, 
Jeff Daniels, 
Joely Richardson, 
Joan Plowright
",106580,103,136.19
"Rampage","
Action, Adventure, Sci-Fi            ",6.1,"
    Director:
Brad Peyton
| 
    Stars:
Dwayne Johnson, 
Naomie Harris, 
Malin Akerman, 
Jeffrey Dean Morgan
",151688,107,101.03
"The Croods","
Animation, Adventure, Comedy            ",7.2,"
    Directors:
Kirk DeMicco, 
Chris Sanders
| 
    Stars:
Nicolas Cage, 
Ryan Reynolds, 
Emma Stone, 
Catherine Keener
",200206,98,187.17
"The Firm","
Drama, Mystery, Thriller            ",6.8,"
    Director:
Sydney Pollack
| 
    Stars:
Tom Cruise, 
Jeanne Tripplehorn, 
Gene Hackman, 
Hal Holbrook
",124972,154,158.35
"The Clovehitch Killer","
Crime, Drama, Mystery            ",6.6,"
    Director:
Duncan Skiles
| 
    Stars:
Dylan McDermott, 
Charlie Plummer, 
Samantha Mathis, 
Madisen Beaty
",21572,109,0.01
"Death Wish","
Action, Crime, Drama            ",6.3,"
    Director:
Eli Roth
| 
    Stars:
Bruce Willis, 
Vincent D'Onofrio, 
Elisabeth Shue, 
Camila Morrone
",68094,107,34.02
"The Blues Brothers","
Action, Adventure, Comedy            ",7.9,"
    Director:
John Landis
| 
    Stars:
John Belushi, 
Dan Aykroyd, 
Cab Calloway, 
John Candy
",188459,133,57.23
"Unknown","
Action, Mystery, Thriller            ",6.8,"
    Director:
Jaume Collet-Serra
| 
    Stars:
Liam Neeson, 
Diane Kruger, 
January Jones, 
Aidan Quinn
",253999,113,63.69
"Hunt for the Wilderpeople","
Adventure, Comedy, Drama            ",7.9,"
    Director:
Taika Waititi
| 
    Stars:
Sam Neill, 
Julian Dennison, 
Rima Te Wiata, 
Rachel House
",118166,101,5.2
"Monty Python and the Holy Grail","
Adventure, Comedy, Fantasy            ",8.2,"
    Directors:
Terry Gilliam, 
Terry Jones
| 
    Stars:
Graham Chapman, 
John Cleese, 
Eric Idle, 
Terry Gilliam
",513289,91,1.23
"The Best of Enemies","
Biography, Drama, History            ",7.2,"
    Director:
Robin Bissell
| 
    Stars:
Taraji P. Henson, 
Sam Rockwell, 
Babou Ceesay, 
Anne Heche
",13196,133,10.21
"Atomic Blonde","
Action, Thriller            ",6.7,"
    Director:
David Leitch
| 
    Stars:
Charlize Theron, 
James McAvoy, 
John Goodman, 
Eddie Marsan
",182505,115,51.69
"Rango","
Animation, Adventure, Comedy            ",7.2,"
    Director:
Gore Verbinski
| 
    Stars:
Johnny Depp, 
Isla Fisher, 
Timothy Olyphant, 
Abigail Breslin
",245778,107,123.48
"The Lucky One","
Drama, Mystery, Romance            ",6.5,"
    Director:
Scott Hicks
| 
    Stars:
Zac Efron, 
Taylor Schilling, 
Blythe Danner, 
Riley Thomas Stewart
",103765,101,60.46
"Spy Kids","
Action, Adventure, Comedy            ",5.5,"
    Director:
Robert Rodriguez
| 
    Stars:
Alexa PenaVega, 
Daryl Sabara, 
Antonio Banderas, 
Carla Gugino
",111413,88,112.72
"White House Down","
Action, Drama, Thriller            ",6.3,"
    Director:
Roland Emmerich
| 
    Stars:
Channing Tatum, 
Jamie Foxx, 
Maggie Gyllenhaal, 
Jason Clarke
",211395,131,73.1
"The Human Centipede (First Sequence)","
Horror            ",4.4,"
    Director:
Tom Six
| 
    Stars:
Dieter Laser, 
Ashley C. Williams, 
Ashlynn Yennie, 
Akihiro Kitamura
",75214,92,0.18
"Cars 3","
Animation, Adventure, Comedy            ",6.7,"
    Director:
Brian Fee
| 
    Stars:
Owen Wilson, 
Cristela Alonzo, 
Chris Cooper, 
Nathan Fillion
",83135,102,152.9
"Southpaw","
Action, Crime, Drama            ",7.4,"
    Director:
Antoine Fuqua
| 
    Stars:
Jake Gyllenhaal, 
Rachel McAdams, 
Oona Laurence, 
Forest Whitaker
",223775,124,52.42
"The A-Team","
Action, Adventure, Thriller            ",6.7,"
    Director:
Joe Carnahan
| 
    Stars:
Liam Neeson, 
Bradley Cooper, 
Sharlto Copley, 
Jessica Biel
",250321,117,77.22
"This Means War","
Action, Comedy, Romance            ",6.3,"
    Director:
McG
| 
    Stars:
Reese Witherspoon, 
Chris Pine, 
Tom Hardy, 
Til Schweiger
",179783,103,54.76
"Shaft","
Action, Comedy, Crime            ",6.4,"
    Director:
Tim Story
| 
    Stars:
Samuel L. Jackson, 
Jessie T. Usher, 
Richard Roundtree, 
Regina Hall
",48354,111,21.36
"Lawrence of Arabia","
Adventure, Biography, Drama            ",8.3,"
    Director:
David Lean
| 
    Stars:
Peter O'Toole, 
Alec Guinness, 
Anthony Quinn, 
Jack Hawkins
",276605,228,44.82
"Mars Attacks!","
Comedy, Sci-Fi            ",6.3,"
    Director:
Tim Burton
| 
    Stars:
Jack Nicholson, 
Pierce Brosnan, 
Sarah Jessica Parker, 
Annette Bening
",215049,106,37.77
"Beauty and the Beast","
Animation, Family, Fantasy            ",8,"
    Directors:
Gary Trousdale, 
Kirk Wise
| 
    Stars:
Paige O'Hara, 
Robby Benson, 
Jesse Corti, 
Rex Everhart
",425384,84,218.97
"Finding Dory","
Animation, Adventure, Comedy            ",7.3,"
    Directors:
Andrew Stanton, 
Angus MacLane
| 
    Stars:
Ellen DeGeneres, 
Albert Brooks, 
Ed O'Neill, 
Kaitlin Olson
",250953,97,486.3
"Public Enemies","
Biography, Crime, Drama            ",7,"
    Director:
Michael Mann
| 
    Stars:
Christian Bale, 
Johnny Depp, 
Christian Stolte, 
Jason Clarke
",288097,140,97.1
"127 Hours","
Biography, Drama            ",7.5,"
    Director:
Danny Boyle
| 
    Stars:
James Franco, 
Amber Tamblyn, 
Kate Mara, 
Sean Bott
",357144,94,18.34
"Jurassic Park III","
Action, Adventure, Sci-Fi            ",5.9,"
    Director:
Joe Johnston
| 
    Stars:
Sam Neill, 
William H. Macy, 
Téa Leoni, 
Alessandro Nivola
",302292,92,181.17
"Revenge","
Action, Horror, Thriller            ",6.4,"
    Director:
Coralie Fargeat
| 
    Stars:
Matilda Anna Ingrid Lutz, 
Kevin Janssens, 
Vincent Colombe, 
Guillaume Bouchède
",39034,108,0.1
"Total Recall","
Action, Adventure, Sci-Fi            ",6.2,"
    Director:
Len Wiseman
| 
    Stars:
Colin Farrell, 
Bokeem Woodbine, 
Bryan Cranston, 
Kate Beckinsale
",244708,118,58.88
"Footloose","
Drama, Music, Romance            ",6.6,"
    Director:
Herbert Ross
| 
    Stars:
Kevin Bacon, 
Lori Singer, 
John Lithgow, 
Dianne Wiest
",73935,107,80.04
"Brooklyn","
Drama, Romance            ",7.5,"
    Director:
John Crowley
| 
    Stars:
Saoirse Ronan, 
Emory Cohen, 
Domhnall Gleeson, 
Jim Broadbent
",135157,117,38.32
"Child's Play","
Drama, Horror, Sci-Fi            ",5.7,"
    Director:
Lars Klevberg
| 
    Stars:
Tim Matheson, 
Ben Daon, 
Zahra Anderson, 
Serge Jaswal
",46932,90,29.21
"The Danish Girl","
Biography, Drama, Romance            ",7.1,"
    Director:
Tom Hooper
| 
    Stars:
Eddie Redmayne, 
Alicia Vikander, 
Amber Heard, 
Ben Whishaw
",171124,119,11.11
"The Bad Batch","
Action, Horror, Mystery            ",5.3,"
    Director:
Ana Lily Amirpour
| 
    Stars:
Suki Waterhouse, 
Jason Momoa, 
Jayda Fink, 
Keanu Reeves
",28243,118,0.18
"Now You See Me 2","
Action, Adventure, Comedy            ",6.5,"
    Director:
Jon M. Chu
| 
    Stars:
Jesse Eisenberg, 
Mark Ruffalo, 
Woody Harrelson, 
Dave Franco
",261079,129,65.08
"The Tourist","
Action, Thriller            ",6,"
    Director:
Florian Henckel von Donnersmarck
| 
    Stars:
Johnny Depp, 
Angelina Jolie, 
Paul Bettany, 
Timothy Dalton
",230565,103,67.63
"The Emperor's New Groove","
Animation, Adventure, Comedy            ",7.4,"
    Director:
Mark Dindal
| 
    Stars:
David Spade, 
John Goodman, 
Eartha Kitt, 
Patrick Warburton
",187523,78,89.3
"Deepwater Horizon","
Action, Drama, History            ",7.1,"
    Director:
Peter Berg
| 
    Stars:
Mark Wahlberg, 
Kurt Russell, 
Douglas M. Griffin, 
James DuMont
",158184,107,61.43
"The Dictator","
Comedy            ",6.4,"
    Director:
Larry Charles
| 
    Stars:
Sacha Baron Cohen, 
Anna Faris, 
John C. Reilly, 
Ben Kingsley
",287003,83,59.65
"Green Room","
Horror, Thriller            ",7,"
    Director:
Jeremy Saulnier
| 
    Stars:
Anton Yelchin, 
Imogen Poots, 
Alia Shawkat, 
Patrick Stewart
",112522,95,3.22
"The Post","
Drama            ",7.2,"
    Director:
Steven Spielberg
| 
    Stars:
Meryl Streep, 
Tom Hanks, 
Sarah Paulson, 
Bob Odenkirk
",141624,116,81.9
"Spartacus","
Adventure, Biography, Drama            ",7.9,"
    Director:
Stanley Kubrick
| 
    Stars:
Kirk Douglas, 
Laurence Olivier, 
Jean Simmons, 
Charles Laughton
",128685,197,30
"Tonari no Totoro","
Animation, Family, Fantasy            ",8.2,"
    Director:
Hayao Miyazaki
| 
    Stars:
Hitoshi Takagi, 
Noriko Hidaka, 
Chika Sakamoto, 
Shigesato Itoi
",305790,86,1.11
"The Quick and the Dead","
Action, Romance, Thriller            ",6.4,"
    Director:
Sam Raimi
| 
    Stars:
Sharon Stone, 
Gene Hackman, 
Russell Crowe, 
Leonardo DiCaprio
",88608,107,18.64
"Knocked Up","
Comedy, Romance            ",6.9,"
    Director:
Judd Apatow
| 
    Stars:
Seth Rogen, 
Katherine Heigl, 
Paul Rudd, 
Leslie Mann
",356979,129,148.73
"Fatal Attraction","
Drama, Thriller            ",6.9,"
    Director:
Adrian Lyne
| 
    Stars:
Michael Douglas, 
Glenn Close, 
Anne Archer, 
Ellen Latzen
",79936,119,156.65
"Dreamgirls","
Drama, Music, Musical            ",6.5,"
    Director:
Bill Condon
| 
    Stars:
Beyoncé, 
Jamie Foxx, 
Eddie Murphy, 
Danny Glover
",70985,130,103.37
"Smokin' Aces","
Action, Comedy, Crime            ",6.7,"
    Director:
Joe Carnahan
| 
    Stars:
Jeremy Piven, 
Ryan Reynolds, 
Ray Liotta, 
Joseph Ruskin
",140790,109,35.66
"Serenity","
Drama, Mystery, Thriller            ",5.4,"
    Director:
Steven Knight
| 
    Stars:
Matthew McConaughey, 
Anne Hathaway, 
Diane Lane, 
Jason Clarke
",38364,106,8.55
"Hotel Transylvania 3: Summer Vacation","
Animation, Adventure, Comedy            ",6.3,"
    Director:
Genndy Tartakovsky
| 
    Stars:
Adam Sandler, 
Andy Samberg, 
Selena Gomez, 
Kevin James
",62255,97,167.51
"Triple 9","
Action, Crime, Thriller            ",6.3,"
    Director:
John Hillcoat
| 
    Stars:
Casey Affleck, 
Chiwetel Ejiofor, 
Anthony Mackie, 
Aaron Paul
",69234,115,12.63
"Easy Rider","
Adventure, Drama            ",7.3,"
    Director:
Dennis Hopper
| 
    Stars:
Peter Fonda, 
Dennis Hopper, 
Jack Nicholson, 
Antonio Mendoza
",104511,95,41.73
"A Walk to Remember","
Drama, Romance            ",7.3,"
    Director:
Adam Shankman
| 
    Stars:
Mandy Moore, 
Shane West, 
Peter Coyote, 
Daryl Hannah
",203383,101,41.23
"Lilo & Stitch","
Animation, Adventure, Comedy            ",7.3,"
    Directors:
Dean DeBlois, 
Chris Sanders
| 
    Stars:
Daveigh Chase, 
Chris Sanders, 
Tia Carrere, 
David Ogden Stiers
",175052,85,145.79
"Operation Finale","
Biography, Drama, History            ",6.6,"
    Director:
Chris Weitz
| 
    Stars:
Oscar Isaac, 
Ben Kingsley, 
Mélanie Laurent, 
Lior Raz
",36593,122,17.61
"Locke","
Drama            ",7.1,"
    Director:
Steven Knight
| 
    Stars:
Tom Hardy, 
Olivia Colman, 
Ruth Wilson, 
Andrew Scott
",140930,85,1.36
"A Cinderella Story","
Comedy, Family, Romance            ",5.9,"
    Director:
Mark Rosman
| 
    Stars:
Hilary Duff, 
Chad Michael Murray, 
Jennifer Coolidge, 
Dan Byrd
",82876,95,51.44
"Escape Plan","
Action, Thriller            ",6.7,"
    Director:
Mikael Håfström
| 
    Stars:
Sylvester Stallone, 
Arnold Schwarzenegger, 
50 Cent, 
Vincent D'Onofrio
",233030,115,25.13
"Life of Brian","
Comedy            ",8.1,"
    Director:
Terry Jones
| 
    Stars:
Graham Chapman, 
John Cleese, 
Michael Palin, 
Terry Gilliam
",378134,94,20.05
"Colombiana","
Action, Drama, Thriller            ",6.4,"
    Director:
Olivier Megaton
| 
    Stars:
Zoe Saldana, 
Michael Vartan, 
Callum Blue, 
Jordi Mollà
",97146,108,36.67
"Resident Evil: The Final Chapter","
Action, Horror, Sci-Fi            ",5.5,"
    Director:
Paul W.S. Anderson
| 
    Stars:
Milla Jovovich, 
Iain Glen, 
Ali Larter, 
Shawn Roberts
",87437,107,26.83
"Dirty Grandpa","
Comedy            ",5.9,"
    Director:
Dan Mazer
| 
    Stars:
Robert De Niro, 
Zac Efron, 
Zoey Deutch, 
Aubrey Plaza
",117026,102,35.59
"Late Night","
Comedy, Drama            ",6.5,"
    Director:
Nisha Ganatra
| 
    Stars:
Emma Thompson, 
Mindy Kaling, 
John Lithgow, 
Hugh Dancy
",33065,102,15.5
"The Duff","
Comedy, Romance            ",6.5,"
    Director:
Ari Sandel
| 
    Stars:
Mae Whitman, 
Bella Thorne, 
Robbie Amell, 
Allison Janney
",86929,101,34.02
"You're Next","
Horror, Thriller            ",6.6,"
    Director:
Adam Wingard
| 
    Stars:
Sharni Vinson, 
Joe Swanberg, 
AJ Bowen, 
Nicholas Tucci
",92232,95,18.47
"The Lincoln Lawyer","
Crime, Drama, Mystery            ",7.3,"
    Director:
Brad Furman
| 
    Stars:
Matthew McConaughey, 
Marisa Tomei, 
Ryan Phillippe, 
William H. Macy
",222054,118,58.01
"Pixels","
Action, Comedy, Fantasy            ",5.5,"
    Director:
Chris Columbus
| 
    Stars:
Adam Sandler, 
Kevin James, 
Michelle Monaghan, 
Peter Dinklage
",135509,105,78.75
"The Ten Commandments","
Adventure, Drama            ",7.9,"
    Director:
Cecil B. DeMille
| 
    Stars:
Charlton Heston, 
Yul Brynner, 
Anne Baxter, 
Edward G. Robinson
",66532,220,93.74
"Live by Night","
Action, Crime, Drama            ",6.4,"
    Director:
Ben Affleck
| 
    Stars:
Ben Affleck, 
Elle Fanning, 
Brendan Gleeson, 
Chris Messina
",54010,129,10.38
"Sabotage","
Action, Crime, Drama            ",5.7,"
    Director:
David Ayer
| 
    Stars:
Arnold Schwarzenegger, 
Sam Worthington, 
Terrence Howard, 
Olivia Williams
",61545,109,10.51
"Despicable Me 2","
Animation, Adventure, Comedy            ",7.3,"
    Directors:
Pierre Coffin, 
Chris Renaud
| 
    Stars:
Steve Carell, 
Kristen Wiig, 
Benjamin Bratt, 
Miranda Cosgrove
",377936,98,368.06
"Oz the Great and Powerful","
Adventure, Family, Fantasy            ",6.3,"
    Director:
Sam Raimi
| 
    Stars:
James Franco, 
Michelle Williams, 
Rachel Weisz, 
Mila Kunis
",201707,130,234.91
"CHIPS","
Action, Comedy, Crime            ",6,"
    Director:
Dax Shepard
| 
    Stars:
Michael Peña, 
Dax Shepard, 
Vincent D'Onofrio, 
Rosa Salazar
",44487,100,18.6
"Taken 3","
Action, Crime, Thriller            ",6,"
    Director:
Olivier Megaton
| 
    Stars:
Liam Neeson, 
Forest Whitaker, 
Maggie Grace, 
Famke Janssen
",183595,108,89.26
"Out of the Furnace","
Action, Crime, Drama            ",6.8,"
    Director:
Scott Cooper
| 
    Stars:
Christian Bale, 
Casey Affleck, 
Zoe Saldana, 
Woody Harrelson
",110076,116,11.33
"Noah","
Action, Adventure, Drama            ",5.7,"
    Director:
Darren Aronofsky
| 
    Stars:
Russell Crowe, 
Jennifer Connelly, 
Anthony Hopkins, 
Emma Watson
",247033,138,101.2
"Takers","
Action, Crime, Thriller            ",6.2,"
    Director:
John Luessenhop
| 
    Stars:
Chris Brown, 
Hayden Christensen, 
Matt Dillon, 
Michael Ealy
",59882,107,57.74
"Lord of War","
Action, Crime, Drama            ",7.6,"
    Director:
Andrew Niccol
| 
    Stars:
Nicolas Cage, 
Ethan Hawke, 
Jared Leto, 
Bridget Moynahan
",300344,122,24.15
"Blue Jasmine","
Comedy, Drama            ",7.3,"
    Director:
Woody Allen
| 
    Stars:
Cate Blanchett, 
Alec Baldwin, 
Peter Sarsgaard, 
Sally Hawkins
",195580,98,33.41
"The Expendables 2","
Action, Adventure, Thriller            ",6.6,"
    Director:
Simon West
| 
    Stars:
Sylvester Stallone, 
Liam Hemsworth, 
Randy Couture, 
Jean-Claude Van Damme
",296948,103,85.02
"Conan the Barbarian","
Action, Adventure, Fantasy            ",5.2,"
    Director:
Marcus Nispel
| 
    Stars:
Jason Momoa, 
Ron Perlman, 
Rose McGowan, 
Stephen Lang
",96638,113,21.3
"Battle of Britain","
Action, Drama, History            ",7,"
    Director:
Guy Hamilton
| 
    Stars:
Michael Caine, 
Trevor Howard, 
Harry Andrews, 
Curd Jürgens
",21366,132,4.36
"Begin Again","
Comedy, Drama, Music            ",7.4,"
    Director:
John Carney
| 
    Stars:
Keira Knightley, 
Mark Ruffalo, 
Adam Levine, 
Hailee Steinfeld
",147794,104,16.17
"The Invitation","
Drama, Mystery, Thriller            ",6.6,"
    Director:
Karyn Kusama
| 
    Stars:
Logan Marshall-Green, 
Emayatzy Corinealdi, 
Michiel Huisman, 
Tammy Blanchard
",100313,100,0.23
"Flashdance","
Drama, Music, Romance            ",6.2,"
    Director:
Adrian Lyne
| 
    Stars:
Jennifer Beals, 
Michael Nouri, 
Lilia Skala, 
Sunny Johnson
",49826,95,94.9
"Hummingbird","
Action, Crime, Drama            ",6.2,"
    Director:
Steven Knight
| 
    Stars:
Jason Statham, 
Agata Buzek, 
Vicky McClure, 
Benedict Wong
",68546,100,0.03
"Paddington 2","
Animation, Adventure, Comedy            ",7.8,"
    Director:
Paul King
| 
    Stars:
Ben Whishaw, 
Hugh Grant, 
Hugh Bonneville, 
Sally Hawkins
",66462,103,40.44
"Gake no ue no Ponyo","
Animation, Adventure, Comedy            ",7.7,"
    Director:
Hayao Miyazaki
| 
    Stars:
Cate Blanchett, 
Matt Damon, 
Liam Neeson, 
Tomoko Yamaguchi
",131204,101,15.09
"Mechanic: Resurrection","
Action, Adventure, Crime            ",5.7,"
    Director:
Dennis Gansel
| 
    Stars:
Jason Statham, 
Jessica Alba, 
Tommy Lee Jones, 
Michelle Yeoh
",79668,98,21.22
"Scary Movie 5","
Comedy            ",3.5,"
    Directors:
Malcolm D. Lee, 
David Zucker
| 
    Stars:
Simon Rex, 
Ashley Tisdale, 
Charlie Sheen, 
Lindsay Lohan
",67762,88,32.02
"Kill Me Three Times","
Action, Comedy, Crime            ",5.9,"
    Director:
Kriv Stenders
| 
    Stars:
Simon Pegg, 
Teresa Palmer, 
Alice Braga, 
Luke Hemsworth
",22359,90,0.02
"Killers","
Action, Comedy, Romance            ",5.5,"
    Director:
Robert Luketic
| 
    Stars:
Katherine Heigl, 
Ashton Kutcher, 
Tom Selleck, 
Catherine O'Hara
",89080,100,47.06
"The Lorax","
Animation, Adventure, Comedy            ",6.4,"
    Directors:
Chris Renaud, 
Kyle Balda
| 
    Stars:
Zac Efron, 
Taylor Swift, 
Danny DeVito, 
Ed Helms
",103009,86,214.03
"Alice Through the Looking Glass","
Adventure, Family, Fantasy            ",6.2,"
    Director:
James Bobin
| 
    Stars:
Mia Wasikowska, 
Johnny Depp, 
Helena Bonham Carter, 
Anne Hathaway
",98302,113,77.04
"Macbeth","
Drama, History, War            ",6.6,"
    Director:
Justin Kurzel
| 
    Stars:
Michael Fassbender, 
Marion Cotillard, 
Jack Madigan, 
Frank Madigan
",54067,113,1.11
"The Infiltrator","
Biography, Crime, Drama            ",7,"
    Director:
Brad Furman
| 
    Stars:
Bryan Cranston, 
John Leguizamo, 
Diane Kruger, 
Amy Ryan
",70858,127,15.43
"Doom","
Action, Horror, Sci-Fi            ",5.2,"
    Director:
Andrzej Bartkowiak
| 
    Stars:
Karl Urban, 
Rosamund Pike, 
Dwayne Johnson, 
Deobia Oparei
",110028,105,28.21
"Kaze no tani no Naushika","
Animation, Adventure, Fantasy            ",8.1,"
    Director:
Hayao Miyazaki
| 
    Stars:
Sumi Shimamoto, 
Mahito Tsujimura, 
Hisako Kyôda, 
Gorô Naya
",157520,117,0.5
"The Last Stand","
Action, Thriller            ",6.3,"
    Director:
Jee-woon Kim
| 
    Stars:
Arnold Schwarzenegger, 
Forest Whitaker, 
Johnny Knoxville, 
Rodrigo Santoro
",135448,107,12.05
"De rouille et d'os","
Drama, Romance            ",7.5,"
    Director:
Jacques Audiard
| 
    Stars:
Marion Cotillard, 
Matthias Schoenaerts, 
Armand Verdure, 
Céline Sallette
",65455,120,2.06
"Young Guns II","
Action, Western            ",6.5,"
    Director:
Geoff Murphy
| 
    Stars:
Emilio Estevez, 
Kiefer Sutherland, 
Lou Diamond Phillips, 
Christian Slater
",33616,104,44.14
"Pan","
Adventure, Comedy, Family            ",5.7,"
    Director:
Joe Wright
| 
    Stars:
Levi Miller, 
Hugh Jackman, 
Garrett Hedlund, 
Rooney Mara
",61772,111,35.09
"The Iceman","
Biography, Crime, Drama            ",6.8,"
    Director:
Ariel Vromen
| 
    Stars:
Michael Shannon, 
Chris Evans, 
James Franco, 
Winona Ryder
",72326,106,1.94
"Hannibal Rising","
Action, Adventure, Crime            ",6.2,"
    Director:
Peter Webber
| 
    Stars:
Gaspard Ulliel, 
Rhys Ifans, 
Gong Li, 
Aaran Thomas
",106197,121,27.67
"The Day the Earth Stood Still","
Drama, Sci-Fi, Thriller            ",5.5,"
    Director:
Scott Derrickson
| 
    Stars:
Keanu Reeves, 
Jennifer Connelly, 
Kathy Bates, 
Jaden Smith
",165900,104,79.37
"The Adventures of Sharkboy and Lavagirl 3-D","
Action, Adventure, Comedy            ",3.7,"
    Director:
Robert Rodriguez
| 
    Stars:
Cayden Boyd, 
George Lopez, 
Kristin Davis, 
David Arquette
",34853,93,39.18
"Taken 2","
Action, Crime, Thriller            ",6.3,"
    Director:
Olivier Megaton
| 
    Stars:
Liam Neeson, 
Famke Janssen, 
Maggie Grace, 
Leland Orser
",295140,92,139.85
"The Ugly Truth","
Comedy, Romance            ",6.4,"
    Director:
Robert Luketic
| 
    Stars:
Katherine Heigl, 
Gerard Butler, 
Bree Turner, 
Eric Winter
",209052,96,88.92
"Sweet Virginia","
Action, Drama, Thriller            ",6.2,"
    Director:
Jamie M. Dagg
| 
    Stars:
Jon Bernthal, 
Christopher Abbott, 
Imogen Poots, 
Rosemarie DeWitt
",9324,93,0.01
"Deliver Us from Evil","
Action, Biography, Crime            ",6.2,"
    Director:
Scott Derrickson
| 
    Stars:
Eric Bana, 
Edgar Ramírez, 
Olivia Munn, 
Chris Coy
",73461,118,30.58
"The Human Centipede II (Full Sequence)","
Horror            ",3.8,"
    Director:
Tom Six
| 
    Stars:
Laurence R. Harvey, 
Ashlynn Yennie, 
Maddi Black, 
Kandace Caine
",36912,91,0.12
"Dead Man Down","
Action, Crime, Drama            ",6.5,"
    Director:
Niels Arden Oplev
| 
    Stars:
Colin Farrell, 
Noomi Rapace, 
Dominic Cooper, 
Terrence Howard
",65672,118,10.88
"Step Up","
Crime, Drama, Music            ",6.5,"
    Director:
Anne Fletcher
| 
    Stars:
Channing Tatum, 
Jenna Dewan, 
Damaine Radcliff, 
De'Shawn Washington
",113232,104,65.33
"Child 44","
Crime, Drama, History            ",6.5,"
    Director:
Daniel Espinosa
| 
    Stars:
Tom Hardy, 
Gary Oldman, 
Noomi Rapace, 
Joel Kinnaman
",67925,137,1.21
"Berlin Syndrome","
Drama, Horror, Mystery            ",6.3,"
    Director:
Cate Shortland
| 
    Stars:
Teresa Palmer, 
Max Riemelt, 
Matthias Habich, 
Emma Bading
",23476,116,0.03
"Office Christmas Party","
Comedy            ",5.9,"
    Directors:
Josh Gordon, 
Will Speck
| 
    Stars:
Jason Bateman, 
Olivia Munn, 
T.J. Miller, 
Jennifer Aniston
",72433,105,54.77
"White Girl","
Crime, Drama            ",5.7,"
    Director:
Elizabeth Wood
| 
    Stars:
Morgan Saylor, 
Brian Marc, 
Justin Bartha, 
Adrian Martinez
",10127,88,0.2
"Mercury Rising","
Action, Crime, Drama            ",6.1,"
    Director:
Harold Becker
| 
    Stars:
Bruce Willis, 
Miko Hughes, 
Alec Baldwin, 
Chi McBride
",70935,111,32.94
"Suburbicon","
Comedy, Crime, Drama            ",5.7,"
    Director:
George Clooney
| 
    Stars:
Matt Damon, 
Julianne Moore, 
Oscar Isaac, 
Noah Jupe
",41867,105,5.78
"Better Watch Out","
Comedy, Horror, Thriller            ",6.5,"
    Director:
Chris Peckover
| 
    Stars:
Olivia DeJonge, 
Levi Miller, 
Ed Oxenbould, 
Aleks Mikic
",33703,89,0.02
"Safe","
Action, Crime, Thriller            ",6.5,"
    Director:
Boaz Yakin
| 
    Stars:
Jason Statham, 
Catherine Chan, 
Chris Sarandon, 
Robert John Burke
",106164,94,17.14
"Killerman","
Action, Crime, Thriller            ",5.4,"
    Director:
Malik Bader
| 
    Stars:
Liam Hemsworth, 
Emory Cohen, 
Diane Guerrero, 
Zlatko Buric
",4495,112,0.28
"The Devil's Own","
Action, Crime, Drama            ",6.2,"
    Director:
Alan J. Pakula
| 
    Stars:
Harrison Ford, 
Brad Pitt, 
Margaret Colin, 
Rubén Blades
",62161,111,42.87
"Kaze tachinu","
Animation, Biography, Drama            ",7.8,"
    Director:
Hayao Miyazaki
| 
    Stars:
Hideaki Anno, 
Hidetoshi Nishijima, 
Miori Takimoto, 
Masahiko Nishimura
",77732,126,5.21
"Super Dark Times","
Crime, Drama, Horror            ",6.6,"
    Director:
Kevin Phillips
| 
    Stars:
Owen Campbell, 
Charlie Tahan, 
Elizabeth Cappuccino, 
Amy Hargreaves
",20965,103,0.03
"Zwartboek","
Drama, Thriller, War            ",7.7,"
    Director:
Paul Verhoeven
| 
    Stars:
Carice van Houten, 
Sebastian Koch, 
Thom Hoffman, 
Halina Reijn
",74139,145,4.4
"See No Evil, Hear No Evil","
Comedy, Crime            ",6.9,"
    Director:
Arthur Hiller
| 
    Stars:
Richard Pryor, 
Gene Wilder, 
Joan Severance, 
Kevin Spacey
",51788,103,46.91
"Beasts of No Nation","
Drama, War            ",7.7,"
    Director:
Cary Joji Fukunaga
| 
    Stars:
Abraham Attah, 
Emmanuel Affadzi, 
Ricky Adelayitor, 
Andrew Adote
",76530,137,0.08
"Isn't It Romantic","
Comedy, Fantasy, Musical            ",5.9,"
    Director:
Todd Strauss-Schulson
| 
    Stars:
Rebel Wilson, 
Liam Hemsworth, 
Adam Devine, 
Priyanka Chopra Jonas
",65584,89,48.79
"The Ghost Writer","
Crime, Drama, Mystery            ",7.2,"
    Director:
Roman Polanski
| 
    Stars:
Ewan McGregor, 
Pierce Brosnan, 
Olivia Williams, 
Jon Bernthal
",159090,128,15.54
"Valley of the Dolls","
Drama, Music, Romance            ",6,"
    Director:
Mark Robson
| 
    Stars:
Barbara Parkins, 
Patty Duke, 
Paul Burke, 
Sharon Tate
",7900,123,44.43
"The Shack","
Drama, Fantasy            ",6.3,"
    Director:
Stuart Hazeldine
| 
    Stars:
Sam Worthington, 
Octavia Spencer, 
Tim McGraw, 
Radha Mitchell
",31775,132,57.39
"Maggie","
Drama, Horror, Sci-Fi            ",5.6,"
    Director:
Henry Hobson
| 
    Stars:
Arnold Schwarzenegger, 
Abigail Breslin, 
Joely Richardson, 
Laura Cayouette
",42895,95,0.19
"Broken City","
Action, Crime, Drama            ",6.2,"
    Director:
Allen Hughes
| 
    Stars:
Mark Wahlberg, 
Russell Crowe, 
Catherine Zeta-Jones, 
Jeffrey Wright
",77749,109,19.7
"Step Up 2: The Streets","
Drama, Music, Romance            ",6.2,"
    Director:
Jon M. Chu
| 
    Stars:
Robert Hoffman, 
Briana Evigan, 
Cassie Ventura, 
Adam Sevani
",82792,98,58.02
"Contraband","
Action, Crime, Drama            ",6.4,"
    Director:
Baltasar Kormákur
| 
    Stars:
Mark Wahlberg, 
Giovanni Ribisi, 
Kate Beckinsale, 
Robert Wahlberg
",119261,109,66.53
"The Client","
Crime, Drama, Mystery            ",6.7,"
    Director:
Joel Schumacher
| 
    Stars:
Susan Sarandon, 
Tommy Lee Jones, 
Brad Renfro, 
Mary-Louise Parker
",62748,119,92.12
"Mirror Mirror","
Adventure, Comedy, Drama            ",5.6,"
    Director:
Tarsem Singh
| 
    Stars:
Lily Collins, 
Julia Roberts, 
Armie Hammer, 
Nathan Lane
",85615,106,64.94
"I Spit on Your Grave 2","
Horror, Thriller            ",5.7,"
    Director:
Steven R. Monroe
| 
    Stars:
Jemma Dallender, 
Joe Absolom, 
Yavor Baharov, 
George Zlatarev
",28118,106,0
"The Great Gatsby","
Drama, Romance            ",6.4,"
    Director:
Jack Clayton
| 
    Stars:
Robert Redford, 
Mia Farrow, 
Bruce Dern, 
Karen Black
",24087,144,6.74
"Thelma","
Drama, Fantasy, Horror            ",7,"
    Director:
Joachim Trier
| 
    Stars:
Eili Harboe, 
Kaya Wilkins, 
Henrik Rafaelsen, 
Ellen Dorrit Petersen
",28282,116,0.15
"Step Up 3D","
Drama, Music, Romance            ",6.2,"
    Director:
Jon M. Chu
| 
    Stars:
Sharni Vinson, 
Rick Malambri, 
Adam Sevani, 
Alyson Stoner
",56610,107,42.4
"Triple Threat","
Action, Thriller            ",5.6,"
    Director:
Jesse V. Johnson
| 
    Stars:
Tony Jaa, 
Tiger Hu Chen, 
Iko Uwais, 
Scott Adkins
",10345,96,0.08
"Kari-gurashi no Arietti","
Animation, Adventure, Family            ",7.6,"
    Director:
Hiromasa Yonebayashi
| 
    Stars:
Amy Poehler, 
Will Arnett, 
Mirai Shida, 
Ryûnosuke Kamiki
",84951,94,19.2
"Step Up Revolution","
Drama, Music, Romance            ",6.4,"
    Director:
Scott Speer
| 
    Stars:
Kathryn McCormick, 
Ryan Guzman, 
Cleopatra Coleman, 
Misha Gabriel Hamilton
",54763,99,35.07
"Cloudy with a Chance of Meatballs 2","
Animation, Adventure, Comedy            ",6.4,"
    Directors:
Cody Cameron, 
Kris Pearn
| 
    Stars:
Bill Hader, 
Anna Faris, 
Will Forte, 
Neil Patrick Harris
",94660,95,119.79
"Brooklyn's Finest","
Action, Crime, Drama            ",6.7,"
    Director:
Antoine Fuqua
| 
    Stars:
Richard Gere, 
Don Cheadle, 
Ethan Hawke, 
Wesley Snipes
",61994,132,27.15
"Mirrors","
Horror, Mystery            ",6.1,"
    Director:
Alexandre Aja
| 
    Stars:
Kiefer Sutherland, 
Paula Patton, 
Amy Smart, 
Cameron Boyce
",103973,110,30.69
"Honeymoon","
Drama, Fantasy, Horror            ",5.7,"
    Director:
Leigh Janiak
| 
    Stars:
Rose Leslie, 
Harry Treadaway, 
Ben Huber, 
Hanna Brown
",24861,87,0.01
"Touch of Evil","
Crime, Drama, Film-Noir            ",8,"
    Director:
Orson Welles
| 
    Stars:
Charlton Heston, 
Orson Welles, 
Janet Leigh, 
Joseph Calleia
",100664,95,2.24
"True Story","
Biography, Crime, Drama            ",6.3,"
    Director:
Rupert Goold
| 
    Stars:
James Franco, 
Jonah Hill, 
Felicity Jones, 
Maria Dizzia
",65679,99,4.72
"Planes","
Animation, Adventure, Comedy            ",5.7,"
    Director:
Klay Hall
| 
    Stars:
Carlos Alazraqui, 
Dane Cook, 
Stacy Keach, 
Brad Garrett
",43335,91,90.29
"Omoide no Mânî","
Animation, Drama, Family            ",7.7,"
    Directors:
James Simone, 
Hiromasa Yonebayashi
| 
    Stars:
Sara Takatsuki, 
Kasumi Arimura, 
Nanako Matsushima, 
Susumu Terajima
",35523,103,0.77
"The One I Love","
Comedy, Drama, Romance            ",7.1,"
    Director:
Charlie McDowell
| 
    Stars:
Mark Duplass, 
Elisabeth Moss, 
Ted Danson, 
Kiana Cason
",37373,91,0.51
"Jeepers Creepers 3","
Horror            ",3.9,"
    Director:
Victor Salva
| 
    Stars:
Stan Shaw, 
Gabrielle Haugh, 
Brandon Smith, 
Meg Foster
",19260,100,2.24
"Geronimo: An American Legend","
Drama, History, Western            ",6.5,"
    Director:
Walter Hill
| 
    Stars:
Jason Patric, 
Gene Hackman, 
Robert Duvall, 
Wes Studi
",10096,115,18.64
"The Immigrant","
Drama, Romance            ",6.6,"
    Director:
James Gray
| 
    Stars:
Marion Cotillard, 
Joaquin Phoenix, 
Jeremy Renner, 
Dagmara Dominczyk
",30649,120,2.01
"Step Up All In","
Drama, Music, Romance            ",6,"
    Director:
Trish Sie
| 
    Stars:
Ryan Guzman, 
Briana Evigan, 
Adam Sevani, 
Misha Gabriel Hamilton
",33247,112,14.9
"Take Me","
Comedy, Crime, Mystery            ",6.1,"
    Director:
Pat Healy
| 
    Stars:
Pat Healy, 
Taylor Schilling, 
Alycia Delmore, 
Jim O'Heir
",5088,83,0
"Un long dimanche de fiançailles","
Drama, Mystery, Romance            ",7.6,"
    Director:
Jean-Pierre Jeunet
| 
    Stars:
Audrey Tautou, 
Gaspard Ulliel, 
Jodie Foster, 
Dominique Pinon
",71916,133,6.17
"Kokuriko-zaka kara","
Animation, Drama, Family            ",7.4,"
    Director:
Gorô Miyazaki
| 
    Stars:
Sarah Bolger, 
Chris Noth, 
Anton Yelchin, 
Christina Hendricks
",38625,91,1
"Extremely Loud & Incredibly Close","
Adventure, Drama, Mystery            ",6.9,"
    Director:
Stephen Daldry
| 
    Stars:
Thomas Horn, 
Tom Hanks, 
Sandra Bullock, 
Max von Sydow
",99165,129,31.85
"Red Riding Hood","
Fantasy, Horror, Mystery            ",5.5,"
    Director:
Catherine Hardwicke
| 
    Stars:
Amanda Seyfried, 
Lukas Haas, 
Gary Oldman, 
Billy Burke
",109473,100,37.66
"Get Rich or Die Tryin'","
Biography, Crime, Drama            ",5.4,"
    Director:
Jim Sheridan
| 
    Stars:
50 Cent, 
Joy Bryant, 
Adewale Akinnuoye-Agbaje, 
Omar Benson Miller
",45092,117,30.98
"Hit and Run","
Action, Adventure, Comedy            ",6.1,"
    Directors:
David Palmer, 
Dax Shepard
| 
    Stars:
Dax Shepard, 
Kristen Bell, 
Bradley Cooper, 
Kristin Chenoweth
",35252,100,13.75
"Duck Butter","
Comedy, Drama, Romance            ",5.3,"
    Director:
Miguel Arteta
| 
    Stars:
Alia Shawkat, 
Drew Langer, 
Marc Maron, 
Mark Duplass
",3531,93,0.01
"Liu lang di qiu","
Action, Adventure, Sci-Fi            ",6,"
    Director:
Frant Gwo
| 
    Stars:
Jing Wu, 
Chuxiao Qu, 
Guangjie Li, 
Man-Tat Ng
",28264,125,5.88
"Philomena","
Biography, Comedy, Drama            ",7.6,"
    Director:
Stephen Frears
| 
    Stars:
Judi Dench, 
Steve Coogan, 
Sophie Kennedy Clark, 
Mare Winningham
",96244,98,37.71
"Alvin and the Chipmunks: The Squeakquel","
Animation, Adventure, Comedy            ",4.5,"
    Director:
Betty Thomas
| 
    Stars:
Jason Lee, 
Zachary Levi, 
David Cross, 
Justin Long
",45491,88,219.61
"In the Name of the King: A Dungeon Siege Tale","
Action, Adventure, Fantasy            ",3.8,"
    Director:
Uwe Boll
| 
    Stars:
Jason Statham, 
Ron Perlman, 
Ray Liotta, 
Leelee Sobieski
",46327,127,4.54
"The Little Mermaid","
Adventure, Drama, Fantasy            ",4.3,"
    Directors:
Blake Harris, 
Chris Bouchard
| 
    Stars:
William Moseley, 
Poppy Drayton, 
Loreto Peralta, 
Armando Gutierrez
",8546,85,7.15
"Miss Bala","
Action, Crime, Drama            ",5.8,"
    Director:
Catherine Hardwicke
| 
    Stars:
Gina Rodriguez, 
Thomas Dekker, 
Vivian Chan, 
Barbarella Pardo
",10048,104,15.01
"John Dies at the End","
Comedy, Fantasy, Horror            ",6.4,"
    Director:
Don Coscarelli
| 
    Stars:
Chase Williamson, 
Rob Mayes, 
Paul Giamatti, 
Clancy Brown
",37007,99,0.14
"Kaguya-hime no monogatari","
Animation, Adventure, Drama            ",8,"
    Director:
Isao Takahata
| 
    Stars:
Chloë Grace Moretz, 
James Caan, 
Mary Steenburgen, 
James Marsden
",41510,137,1.51
"Dumbo","
Animation, Adventure, Drama            ",7.2,"
    Directors:
Samuel Armstrong, 
Norman Ferguson, 
Wilfred Jackson, 
Jack Kinney, 
Bill Roberts, 
Ben Sharpsteen, 
John Elliotte
| 
    Stars:
Sterling Holloway, 
Edward Brophy, 
Herman Bing, 
Mel Blanc
",124409,64,1.6
"Le Petit Prince","
Animation, Adventure, Drama            ",7.7,"
    Director:
Mark Osborne
| 
    Stars:
Jeff Bridges, 
Mackenzie Foy, 
Rachel McAdams, 
Marion Cotillard
",58668,108,1.34
"Tangerine","
Comedy, Crime, Drama            ",7.1,"
    Director:
Sean Baker
| 
    Stars:
Kitana Kiki Rodriguez, 
Mya Taylor, 
Karren Karagulian, 
Mickey O'Hagan
",28651,88,0.7
"A Man Apart","
Action, Crime, Drama            ",6.1,"
    Director:
F. Gary Gray
| 
    Stars:
Vin Diesel, 
Timothy Olyphant, 
Larenz Tate, 
Geno Silva
",46040,109,26.18
"Romeo & Juliet","
Drama, Romance            ",5.8,"
    Director:
Carlo Carlei
| 
    Stars:
Hailee Steinfeld, 
Douglas Booth, 
Damian Lewis, 
Laura Morante
",11411,118,1.16
"Mongol","
Action, Biography, Drama            ",7.2,"
    Director:
Sergei Bodrov
| 
    Stars:
Tadanobu Asano, 
Amadu Mamadakov, 
Khulan Chuluun, 
Honglei Sun
",45408,126,5.7
"The Gunman","
Action, Crime, Thriller            ",5.8,"
    Director:
Pierre Morel
| 
    Stars:
Sean Penn, 
Idris Elba, 
Jasmine Trinca, 
Javier Bardem
",39993,115,10.64
"Yip Man 3","
Action, Biography, Drama            ",7.1,"
    Director:
Wilson Yip
| 
    Stars:
Donnie Yen, 
Lynn Xiong, 
Jin Zhang, 
Mike Tyson
",51648,105,2.68
"Mugen no jûnin","
Action, Drama, Fantasy            ",6.8,"
    Director:
Takashi Miike
| 
    Stars:
Takuya Kimura, 
Hana Sugisaki, 
Sôta Fukushi, 
Hayato Ichihara
",16248,140,0.15
"Kal Hee","
Animation, Drama, Romance            ",7.6,"
    Director:
Isao Takahata
| 
    Stars:
Miki Imai, 
Toshirô Yanagiba, 
Yoko Honna, 
Mayumi Izuka
",28969,118,0.45
"Kahaani","
Mystery, Thriller            ",8.1,"
    Director:
Sujoy Ghosh
| 
    Stars:
Vidya Balan, 
Parambrata Chattopadhyay, 
Indraneil Sengupta, 
Nawazuddin Siddiqui
",59675,122,1.04
"Arbitrage","
Drama, Thriller            ",6.6,"
    Director:
Nicholas Jarecki
| 
    Stars:
Richard Gere, 
Susan Sarandon, 
Brit Marling, 
Tim Roth
",51051,107,7.92
"Premium Rush","
Action, Crime, Thriller            ",6.5,"
    Director:
David Koepp
| 
    Stars:
Joseph Gordon-Levitt, 
Michael Shannon, 
Dania Ramirez, 
Sean Kennedy
",111533,91,20.28
"Gedo senki","
Animation, Adventure, Fantasy            ",6.4,"
    Director:
Gorô Miyazaki
| 
    Stars:
Timothy Dalton, 
Willem Dafoe, 
Mariska Hargitay, 
Jun'ichi Okada
",37082,115,0.05
"The Painted Veil","
Drama, Romance            ",7.5,"
    Director:
John Curran
| 
    Stars:
Naomi Watts, 
Edward Norton, 
Liev Schreiber, 
Catherine An
",90212,125,8.06
"Beirut","
Action, Crime, Drama            ",6.5,"
    Director:
Brad Anderson
| 
    Stars:
Jon Hamm, 
Jay Potter, 
Khalid Benchagra, 
Ania Josse
",20085,110,5.02
"An Interview with God","
Drama, Mystery            ",5.8,"
    Director:
Perry Lang
| 
    Stars:
David Strathairn, 
Brenton Thwaites, 
Yael Grobglas, 
Charlbi Dean
",3470,97,1.25
"Into the Forest","
Drama, Thriller            ",5.8,"
    Director:
Patricia Rozema
| 
    Stars:
Elliot Page, 
Evan Rachel Wood, 
Max Minghella, 
Callum Keith Rennie
",19853,101,0.01
"Smurfs: The Lost Village","
Animation, Adventure, Comedy            ",6,"
    Director:
Kelly Asbury
| 
    Stars:
Demi Lovato, 
Rainn Wilson, 
Joe Manganiello, 
Jack McBrayer
",19549,90,45.02
"Kon-Tiki","
Adventure, Biography, Drama            ",7.2,"
    Directors:
Joachim Rønning, 
Espen Sandberg
| 
    Stars:
Pål Sverre Hagen, 
Anders Baasmo Christiansen, 
Gustaf Skarsgård, 
Odd-Magnus Williamson
",47166,118,1.52
"Under the Shadow","
Drama, Fantasy, Horror            ",6.9,"
    Director:
Babak Anvari
| 
    Stars:
Narges Rashidi, 
Avin Manshadi, 
Bobby Naderi, 
Arash Marandi
",25632,84,0.03
"A Man for All Seasons","
Biography, Drama, History            ",7.7,"
    Director:
Fred Zinnemann
| 
    Stars:
Paul Scofield, 
Wendy Hiller, 
Robert Shaw, 
Leo McKern
",32729,120,28.35
"Million Dollar Arm","
Biography, Drama, Sport            ",7,"
    Director:
Craig Gillespie
| 
    Stars:
Jon Hamm, 
Aasif Mandvi, 
Alan Arkin, 
Suraj Sharma
",44546,124,36.45
"The Dawn Wall","
Documentary, Biography, Sport            ",8.1,"
    Directors:
Josh Lowell, 
Peter Mortimer
| 
    Stars:
John Branch, 
Tommy Caldwell, 
Kevin Jorgeson
",16824,100,1.08
"Big Game","
Action, Adventure            ",5.4,"
    Director:
Jalmari Helander
| 
    Stars:
Samuel L. Jackson, 
Onni Tommila, 
Ray Stevenson, 
Victor Garber
",31914,90,0.02
"The Bookshop","
Drama            ",6.5,"
    Director:
Isabel Coixet
| 
    Stars:
Emily Mortimer, 
Bill Nighy, 
Hunter Tremayne, 
Honor Kneafsey
",13939,113,1.33
"D-Tox","
Crime, Thriller            ",5.3,"
    Director:
Jim Gillespie
| 
    Stars:
Sylvester Stallone, 
Charles S. Dutton, 
Polly Walker, 
Kris Kristofferson
",25639,96,0.08
"A United Kingdom","
Biography, Drama, History            ",6.9,"
    Director:
Amma Asante
| 
    Stars:
David Oyelowo, 
Rosamund Pike, 
Tom Felton, 
Jack Davenport
",15365,111,3.9
"Naissance des pieuvres","
Drama, Romance            ",6.7,"
    Director:
Céline Sciamma
| 
    Stars:
Pauline Acquart, 
Louise Blachère, 
Adèle Haenel, 
Warren Jacquin
",10813,85,0.08
"Jue di tao wang","
Action, Adventure, Comedy            ",5.7,"
    Director:
Renny Harlin
| 
    Stars:
Jackie Chan, 
Johnny Knoxville, 
Bingbing Fan, 
Eric Tsang
",19872,107,0
"The Hurricane Heist","
Action, Adventure, Crime            ",5.1,"
    Director:
Rob Cohen
| 
    Stars:
Toby Kebbell, 
Maggie Grace, 
Ryan Kwanten, 
Ralph Ineson
",19776,103,6.12
"The Night Before","
Comedy, Fantasy            ",6.4,"
    Director:
Jonathan Levine
| 
    Stars:
Joseph Gordon-Levitt, 
Seth Rogen, 
Jillian Bell, 
Lizzy Caplan
",68503,101,43.04
"Laggies","
Comedy, Drama, Romance            ",6.4,"
    Director:
Lynn Shelton
| 
    Stars:
Keira Knightley, 
Chloë Grace Moretz, 
Sam Rockwell, 
Mark Webber
",42740,99,0.44
"Mark Felt: The Man Who Brought Down the White House","
Biography, Drama, History            ",6.4,"
    Director:
Peter Landesman
| 
    Stars:
Liam Neeson, 
Diane Lane, 
Marton Csokas, 
Tony Goldwyn
",12491,103,0.77
"Forces spéciales","
Action, Drama, War            ",6.4,"
    Director:
Stéphane Rybojad
| 
    Stars:
Diane Kruger, 
Djimon Hounsou, 
Benoît Magimel, 
Denis Ménochet
",18275,109,0.01
"Death Warrant","
Action, Crime, Mystery            ",5.7,"
    Director:
Deran Sarafian
| 
    Stars:
Jean-Claude Van Damme, 
Robert Guillaume, 
Cynthia Gibb, 
George Dickerson
",17926,89,16.85
"Beyond a Reasonable Doubt","
Crime, Drama, Mystery            ",5.9,"
    Director:
Peter Hyams
| 
    Stars:
Jesse Metcalfe, 
Amber Tamblyn, 
Michael Douglas, 
Joel David Moore
",12570,106,0.03
"The Warrior's Way","
Action, Fantasy, Western            ",6.3,"
    Director:
Sngmoo Lee
| 
    Stars:
Jang Dong-Gun, 
Kate Bosworth, 
Geoffrey Rush, 
Danny Huston
",25758,100,5.66
"King Cobra","
Crime, Drama            ",5.6,"
    Director:
Justin Kelly
| 
    Stars:
Garrett Clayton, 
Christian Slater, 
Molly Ringwald, 
James Kelley
",8572,91,0.03
"Mirai no Mirai","
Animation, Adventure, Drama            ",7,"
    Director:
Mamoru Hosoda
| 
    Stars:
Rebecca Hall, 
Daniel Dae Kim, 
John Cho, 
Crispin Freeman
",13651,98,0.81
"Skjelvet","
Action, Drama, Thriller            ",6.2,"
    Director:
John Andreas Andersen
| 
    Stars:
Kristoffer Joner, 
Ane Dahl Torp, 
Edith Haagenrud-Sande, 
Kathrine Thorborg Johansen
",10622,106,0.01
"Drinking Buddies","
Comedy, Drama, Romance            ",6.1,"
    Director:
Joe Swanberg
| 
    Stars:
Olivia Wilde, 
Jake Johnson, 
Anna Kendrick, 
Ron Livingston
",56754,90,0.34
"Ala Vaikunthapurramuloo","
Action, Comedy, Drama            ",7.3,"
    Director:
Trivikram Srinivas
| 
    Stars:
Allu Arjun, 
Pooja Hegde, 
Tabu, 
Jayaram
",10091,163,4.7
"Blue Jay","
Drama, Romance            ",7.3,"
    Director:
Alex Lehmann
| 
    Stars:
Mark Duplass, 
Sarah Paulson, 
Clu Gulager, 
James Andrews
",15777,80,0.01
"Jui kuen II","
Action, Comedy            ",7.6,"
    Directors:
Chia-Liang Liu, 
Jackie Chan
| 
    Stars:
Jackie Chan, 
Ho-Sung Pak, 
Lung Ti, 
Anita Mui
",44060,102,11.55
"The Last Legion","
Action, Adventure, War            ",5.4,"
    Director:
Doug Lefler
| 
    Stars:
Colin Firth, 
Ben Kingsley, 
Aishwarya Rai Bachchan, 
Peter Mullan
",34726,101,5.93
"Thumbelina","
Animation, Family, Fantasy            ",6.4,"
    Directors:
Don Bluth, 
Gary Goldman
| 
    Stars:
Jodi Benson, 
Gary Imhoff, 
Gino Conforti, 
Barbara Cook
",16055,86,11.37
"Other People","
Comedy, Drama            ",6.8,"
    Director:
Chris Kelly
| 
    Stars:
Jesse Plemons, 
Molly Shannon, 
Bradley Whitford, 
Maude Apatow
",10487,97,0.09
"Celeste & Jesse Forever","
Comedy, Drama, Romance            ",6.6,"
    Director:
Lee Toland Krieger
| 
    Stars:
Rashida Jones, 
Andy Samberg, 
Elijah Wood, 
Emma Roberts
",30382,92,3.09
"Racing Stripes","
Adventure, Comedy, Drama            ",5.2,"
    Director:
Frederik Du Chau
| 
    Stars:
Frankie Muniz, 
David Spade, 
Snoop Dogg, 
Bruce Greenwood
",16506,102,49.77
"Middle School: The Worst Years of My Life","
Animation, Comedy, Family            ",6.1,"
    Director:
Steve Carr
| 
    Stars:
Griffin Gluck, 
Lauren Graham, 
Alexa Nisenson, 
Andrew Daly
",8256,92,19.99
"People Like Us","
Comedy, Drama            ",7.1,"
    Director:
Alex Kurtzman
| 
    Stars:
Chris Pine, 
Elizabeth Banks, 
Michelle Pfeiffer, 
Olivia Wilde
",42162,114,12.41
"Dilwale","
Action, Comedy, Drama            ",5.1,"
    Director:
Rohit Shetty
| 
    Stars:
Shah Rukh Khan, 
Kajol, 
Varun Dhawan, 
Kriti Sanon
",32707,158,4.83
"The ABCs of Death","
Comedy, Horror            ",4.7,"
    Directors:
Kaare Andrews, 
Angela Bettis, 
Hélène Cattet, 
Ernesto Díaz Espinoza, 
Jason Eisener, 
Bruno Forzani, 
Adrian Garcia Bogliano, 
Xavier Gens, 
Jorge Michel Grau, 
Lee Hardcastle, 
Noboru Iguchi, 
Thomas Cappelen Malling, 
Anders Morgenthaler, 
Yoshihiro Nishimura, 
Banjong Pisanthanakun, 
Simon Rumley, 
Marcel Sarmiento, 
Jon Schnepp, 
Srdjan Spasojevic, 
Timo Tjahjanto, 
Andrew Traucki, 
Nacho Vigalondo, 
Jake West, 
Ti West, 
Ben Wheatley, 
Adam Wingard, 
Yudai Yamaguchi
| 
    Stars:
Ingrid Bolsø Berdal, 
Iván González, 
Kyra Zagorsky, 
Lucy Clements
",18559,129,0.02
"The Breadwinner","
Animation, Drama, Family            ",7.7,"
    Director:
Nora Twomey
| 
    Stars:
Saara Chaudry, 
Soma Chhaya, 
Noorin Gulamgaus, 
Laara Sadiq
",22504,94,0.31
"Acrimony","
Thriller            ",5.8,"
    Director:
Tyler Perry
| 
    Stars:
Taraji P. Henson, 
Lyriq Bent, 
Crystle Stewart, 
Jazmyn Simon
",8263,120,43.55
"LBJ","
Biography, Drama, History            ",6.5,"
    Director:
Rob Reiner
| 
    Stars:
Woody Harrelson, 
Michael Stahl-David, 
Richard Jenkins, 
Jennifer Jason Leigh
",6303,98,2.47
"The Bag Man","
Action, Crime, Drama            ",5.2,"
    Director:
David Grovic
| 
    Stars:
John Cusack, 
Rebecca Da Costa, 
Robert De Niro, 
Crispin Glover
",16620,108,0.05
"Viceroy's House","
Biography, Drama, History            ",6.7,"
    Director:
Gurinder Chadha
| 
    Stars:
Hugh Bonneville, 
Gillian Anderson, 
Manish Dayal, 
Huma Qureshi
",7296,106,1.11
"Joshua","
Drama, Horror, Thriller            ",5.9,"
    Director:
George Ratliff
| 
    Stars:
Sam Rockwell, 
Vera Farmiga, 
Jacob Kogan, 
Celia Weston
",12266,106,0.48
"The Perfect Host","
Comedy, Crime, Thriller            ",6.8,"
    Director:
Nick Tomnay
| 
    Stars:
David Hyde Pierce, 
Clayne Crawford, 
Nathaniel Parker, 
Tyrees Allen
",26028,93,0.05
"Te3n","
Drama, Mystery, Thriller            ",7.3,"
    Director:
Ribhu Dasgupta
| 
    Stars:
Amitabh Bachchan, 
Nawazuddin Siddiqui, 
Vidya Balan, 
Mukesh Chhabra
",12303,136,0.26
"Coco avant Chanel","
Biography, Drama            ",6.7,"
    Director:
Anne Fontaine
| 
    Stars:
Audrey Tautou, 
Benoît Poelvoorde, 
Alessandro Nivola, 
Marie Gillain
",39401,105,6.11
"Wildflower","
Drama, Thriller            ",5.3,"
    Director:
Nicholas DiBella
| 
    Stars:
Nathalia Ramos, 
Cody Longo, 
Alexa Rose Steele, 
Benjamin Ashbrook
",866,92,0.01
"Pariah","
Drama            ",7.2,"
    Director:
Dee Rees
| 
    Stars:
Adepero Oduye, 
Kim Wayans, 
Aasha Davis, 
Pernell Walker
",6525,86,0.76
"Boy Meets Girl","
Comedy, Drama, Romance            ",7.1,"
    Director:
Eric Schaeffer
| 
    Stars:
Michael Welch, 
Michelle Hendley, 
Alexandra Turshen, 
Michael Galante
",4391,95,0.02
"Operation Avalanche","
Drama, Mystery, Thriller            ",6.1,"
    Director:
Matt Johnson
| 
    Stars:
Matt Johnson, 
Owen Williams, 
Andrew Appelle, 
Jared Raab
",6983,94,0.06
"Dealin' with Idiots","
Comedy            ",5.4,"
    Director:
Jeff Garlin
| 
    Stars:
Jeff Garlin, 
Steve Agee, 
Gina Gershon, 
Jami Gertz
",1306,88,0.02
"Contracted","
Drama, Horror, Thriller            ",5.3,"
    Director:
Eric England
| 
    Stars:
Najarra Townsend, 
Caroline Williams, 
Alice Macdonald, 
Matt Mercer
",14668,84,0
"XX","
Horror            ",4.6,"
    Directors:
Roxanne Benjamin, 
Sofìa Carrillo, 
Karyn Kusama, 
St. Vincent, 
Jovanka Vuckovic
| 
    Stars:
Natalie Brown, 
Jonathan Watton, 
Peter DaCunha, 
Peyton Kennedy
",11394,80,0.03
"V/H/S Viral","
Horror, Thriller            ",4.2,"
    Directors:
Justin Benson, 
Gregg Bishop, 
Todd Lincoln, 
Aaron Moorhead, 
Marcel Sarmiento, 
Nacho Vigalondo
| 
    Stars:
Patrick Lawrie, 
Emilia Ares, 
Celia K. Milius, 
Steve Berens
",15520,81,0
"Inosensu: Innocence","
Animation, Action, Drama            ",7.5,"
    Director:
Mamoru Oshii
| 
    Stars:
Akio Ôtsuka, 
Atsuko Tanaka, 
Tamio Ôki, 
Kôichi Yamadera
",37017,100,1.04
"Manny & Lo","
Comedy, Drama            ",6.6,"
    Director:
Lisa Krueger
| 
    Stars:
Scarlett Johansson, 
Aleksa Palladino, 
Mary Kay Place, 
Dean Silvers
",1944,88,0.5
"Brotherly Love","
Drama            ",6.7,"
    Director:
Jamal Hill
| 
    Stars:
Keke Palmer, 
Cory Hardrict, 
Romeo Miller, 
Eric D. Hill Jr.
",1787,89,0.44
"Ashby","
Comedy, Crime, Drama            ",6.4,"
    Director:
Tony McNamara
| 
    Stars:
Mickey Rourke, 
Nat Wolff, 
Emma Roberts, 
Sarah Silverman
",15197,100,0
"Results","
Comedy, Romance            ",5.4,"
    Director:
Andrew Bujalski
| 
    Stars:
Guy Pearce, 
Cobie Smulders, 
Kevin Corrigan, 
Giovanni Ribisi
",6774,105,0.1
"This Film Is Not Yet Rated","
Documentary            ",7.5,"
    Director:
Kirby Dick
| 
    Stars:
Kirby Dick, 
Kimberly Peirce, 
Darren Aronofsky, 
Atom Egoyan
",27671,98,0.3
"Mind Game","
Animation, Adventure, Comedy            ",7.8,"
    Directors:
Masaaki Yuasa, 
Kôji Morimoto
| 
    Stars:
Kôji Imada, 
Sayaka Maeda, 
Takashi Fujii, 
Seiko Takuma
",8774,103,0.04
"Hell and Back","
Animation, Adventure, Comedy            ",5.4,"
    Directors:
Tom Gianas, 
Ross Shuman
| 
    Stars:
Nick Swardson, 
Mila Kunis, 
Bob Odenkirk, 
T.J. Miller
",4823,86,0.16
"Born to Be Blue","
Biography, Drama, Music            ",6.9,"
    Director:
Robert Budreau
| 
    Stars:
Ethan Hawke, 
Carmen Ejogo, 
Callum Keith Rennie, 
Tony Nappo
",8304,97,0.83
"Life Itself","
Documentary, Biography            ",7.8,"
    Director:
Steve James
| 
    Stars:
Roger Ebert, 
Chaz Ebert, 
Gene Siskel, 
Martin Scorsese
",15182,121,0.81
"Hai Phuong","
Action, Drama, Thriller            ",6.3,"
    Director:
Le-Van Kiet
| 
    Stars:
Veronica Ngo, 
Mai Cát Vi, 
Thanh Nhien Phan, 
Pham Anh Khoa
",4265,98,0.59
"Our Man Flint","
Action, Adventure, Comedy            ",6.5,"
    Director:
Daniel Mann
| 
    Stars:
James Coburn, 
Lee J. Cobb, 
Gila Golan, 
Edward Mulhare
",6205,108,16
"Hagane no renkinjutsushi: Mirosu no seinaru hoshi","
Animation, Action, Adventure            ",7,"
    Director:
Kazuya Murata
| 
    Stars:
Vic Mignogna, 
Maxey Whitehead, 
Alexis Tipton, 
Matthew Mercer
",4653,110,0.18
"Won't Back Down","
Drama            ",6.5,"
    Director:
Daniel Barnz
| 
    Stars:
Viola Davis, 
Maggie Gyllenhaal, 
Holly Hunter, 
Oscar Isaac
",6317,121,5.31
"Mob Psycho 100","
Sci-Fi, Thriller            ",5.1,"
            
    Stars:
Ayumu Mochizuki, 
Tatsuomi Hamada, 
Atsushi Arai, 
Masayuki Deai
",462,24,0.12
"Jinn","
Fantasy, Horror, Thriller            ",4.2,"
    Director:
Ajmal Zaheer Ahmad
| 
    Stars:
Dominic Rains, 
Ray Park, 
William Atherton, 
Faran Tahir
",4638,97,0.15
"Nocturama","
Drama, Thriller            ",6.4,"
    Director:
Bertrand Bonello
| 
    Stars:
Finnegan Oldfield, 
Vincent Rottiers, 
Hamza Meziani, 
Manal Issa
",4659,130,0.03
"Seoul Searching","
Comedy, Drama, Music            ",7,"
    Director:
Benson Lee
| 
    Stars:
Justin Chon, 
Jessika Van, 
In-Pyo Cha, 
Teo Yoo
",1537,105,0.02
"Middle of Nowhere","
Drama            ",6.4,"
    Director:
Ava DuVernay
| 
    Stars:
Emayatzy Corinealdi, 
David Oyelowo, 
Lorraine Toussaint, 
Edwina Findley
",1713,97,0.08
"17 filles","
Drama            ",6,"
    Directors:
Delphine Coulin, 
Muriel Coulin
| 
    Stars:
Louise Grinberg, 
Juliette Darche, 
Roxane Duran, 
Esther Garrel
",3140,86,0.02
"Adult Beginners","
Action, Comedy, Drama            ",5.6,"
    Director:
Ross Katz
| 
    Stars:
Nick Kroll, 
Rose Byrne, 
Bobby Cannavale, 
Joel McHale
",8169,92,0.1
"Finding Bliss","
Comedy, Romance            ",5.3,"
    Director:
Julie Davis
| 
    Stars:
Leelee Sobieski, 
Matthew Davis, 
Jamie Kennedy, 
Denise Richards
",2442,96,0.01
"The King and I","
Animation, Family, Fantasy            ",4.5,"
    Director:
Richard Rich
| 
    Stars:
Miranda Richardson, 
Martin Vidnovic, 
Christiane Noll, 
Ian Richardson
",3922,87,11.96
"All the Queen's Men","
Action, Comedy, Drama            ",4.9,"
    Director:
Stefan Ruzowitzky
| 
    Stars:
Eddie Izzard, 
Matt LeBlanc, 
Udo Kier, 
James Cosmo
",2590,99,0.02
"Any Day Now","
Drama            ",7.5,"
    Director:
Travis Fine
| 
    Stars:
Alan Cumming, 
Garret Dillahunt, 
Isaac Leyva, 
Frances Fisher
",6037,98,0.2
"Pyaar Ka Punchnama 2","
Comedy, Drama, Romance            ",7.2,"
    Director:
Luv Ranjan
| 
    Stars:
Kartik Aaryan, 
Omkar Kapoor, 
Sunny Singh Nijjar, 
Nushrat Bharucha
",14399,137,0.22
"Oorlogswinter","
Drama, History, War            ",7,"
    Director:
Martin Koolhoven
| 
    Stars:
Martijn Lakemeier, 
Jamie Campbell Bower, 
Yorick van Wageningen, 
Raymond Thiry
",12479,103,0.54
"The Last of Robin Hood","
Biography, Drama, Romance            ",5.7,"
    Directors:
Richard Glatzer, 
Wash Westmoreland
| 
    Stars:
John Hudson Messerall, 
Brian Bascle, 
Daniel J. Clancy, 
Kelly O'Neal
",2131,94,0.27
"Yoake tsugeru Rû no uta","
Animation, Adventure, Comedy            ",6.8,"
    Director:
Masaaki Yuasa
| 
    Stars:
Kanon Tani, 
Shôta Shimoda, 
Minako Kotobuki, 
Sôma Saitô
",1991,112,0.11
"Fed Up","
Documentary            ",7.7,"
    Director:
Stephanie Soechtig
| 
    Stars:
Michele Simon, 
Katie Couric, 
Bill Clinton, 
Michael Bloomberg
",11714,92,1.54
"Whitney","
Documentary, Biography, Drama            ",7.3,"
    Director:
Kevin Macdonald
| 
    Stars:
Whitney Houston, 
Ellen White, 
Michael Houston, 
Cissy Houston
",7004,120,3.03
"Under solen","
Drama, Romance            ",6.7,"
    Director:
Colin Nutley
| 
    Stars:
Rolf Lassgård, 
Helena Bergström, 
Johan Widerberg, 
Gunilla Röör
",2510,130,0.29
"Damsels in Distress","
Comedy, Drama, Romance            ",5.7,"
    Director:
Whit Stillman
| 
    Stars:
Greta Gerwig, 
Adam Brody, 
Lio Tipton, 
Megalyn Echikunwoke
",9343,99,1.01
"Tomorrow Is Forever","
Drama, Romance, War            ",7.4,"
    Director:
Irving Pichel
| 
    Stars:
Claudette Colbert, 
Orson Welles, 
George Brent, 
Lucile Watson
",2456,104,3.25
"Gap tung kei hap","
Action, Comedy, History            ",4.8,"
    Director:
Wing-Cheong Law
| 
    Stars:
Donnie Yen, 
Baoqiang Wang, 
Shengyi Huang, 
Kang Yu
",3436,104,0.01
"Muscle Shoals","
Documentary, Biography, History            ",7.8,"
    Director:
Greg 'Freddy' Camalier
| 
    Stars:
Rick Hall, 
Aretha Franklin, 
Keith Richards, 
Candi Staton
",3695,111,0.7
"The Carer","
Comedy, Drama            ",6.6,"
    Director:
János Edelényi
| 
    Stars:
Maitland Chandler, 
Ruth Posner, 
Coco König, 
Selina Cadell
",1321,89,0.01
"I'm Reed Fish","
Comedy, Drama, Romance            ",5.7,"
    Director:
Zackary Adler
| 
    Stars:
Jay Baruchel, 
Alexis Bledel, 
Victor Rasuk, 
Schuyler Fisk
",4283,93,0
"The Hunting Ground","
Documentary            ",7.4,"
    Director:
Kirby Dick
| 
    Stars:
Andrea Pino, 
Annie Clark, 
Claire Potter, 
Melinda Manning
",6072,103,0.41
"Somm","
Documentary            ",7.1,"
    Director:
Jason Wise
| 
    Stars:
Bo Barrett, 
Shayn Bjornholm, 
Dave Cauble, 
Ian Cauble
",4536,94,0.17
"Howl","
Biography, Drama, Romance            ",6.7,"
    Directors:
Rob Epstein, 
Jeffrey Friedman
| 
    Stars:
James Franco, 
Todd Rotondi, 
Jon Prescott, 
Aaron Tveit
",12757,84,0.62
"Kevin Hart: What Now?","
Documentary, Comedy            ",5.9,"
    Directors:
Leslie Small, 
Tim Story
| 
    Stars:
Kevin Hart, 
Don Cheadle, 
Halle Berry, 
Ed Helms
",9154,96,23.59
"Aala Kaf Ifrit","
Crime, Drama, Thriller            ",7,"
    Director:
Kaouther Ben Hania
| 
    Stars:
Mariam Al Ferjani, 
Ghanem Zrelli, 
Noomen Hamda, 
Mohamed Akkari
",1912,100,0.01
"Interior. Leather Bar.","
Drama            ",5.1,"
    Directors:
James Franco, 
Travis Mathews
| 
    Stars:
Val Lauren, 
Christian Patrick, 
James Franco, 
Travis Mathews
",2472,60,0.04
"The Puffy Chair","
Comedy, Drama, Romance            ",6.5,"
    Directors:
Jay Duplass, 
Mark Duplass
| 
    Stars:
Mark Duplass, 
Katie Aselton, 
Rhett Wilkins, 
Julie Fischer
",4978,85,0.19
"Jonah: A VeggieTales Movie","
Animation, Adventure, Comedy            ",6.5,"
    Directors:
Mike Nawrocki, 
Phil Vischer
| 
    Stars:
Phil Vischer, 
Mike Nawrocki, 
Tim Hodge, 
Lisa Vischer
",4038,82,25.58
"Be Here Now","
Documentary, Biography, Drama            ",8.6,"
    Director:
Lilibet Foster
| 
    Stars:
Jai Courtney, 
Andy Whitfield, 
Indigo Whitfield, 
Jesse Whitfield
",3288,100,0.02
"Wilbur Wants to Kill Himself","
Comedy, Drama, Romance            ",6.8,"
    Director:
Lone Scherfig
| 
    Stars:
Jamie Sives, 
Adrian Rawlins, 
Shirley Henderson, 
Lisa McKinlay
",7724,111,0.23
"The Trial","
Crime, Drama, Mystery            ",5.6,"
    Director:
Gary Wheeler
| 
    Stars:
Larry Bagby, 
Clare Carey, 
Nikki Deloach, 
David Dwyer
",1462,101,0.02
"Grandmaster","
Action, Thriller            ",7,"
    Director:
B. Unnikrishnan
| 
    Stars:
Mohanlal, 
Priyamani, 
Babu Antony, 
Arjun Nandakumar
",2034,100,0.02
"The Devil and Father Amorth","
Documentary, Horror            ",4.6,"
    Director:
William Friedkin
| 
    Stars:
William Friedkin, 
Jeffrey Burton Russell, 
Christina, 
Gabriele Amorth
",2202,68,0.02
"Requiem for the American Dream","
Documentary, Biography, News            ",8.1,"
    Directors:
Peter D. Hutchison, 
Kelly Nyks, 
Jared P. Scott
| 
    Stars:
Noam Chomsky, 
Alan Greenspan, 
Malcolm X, 
Richard Nixon
",9193,73,0.13
"Particle Fever","
Documentary            ",7.4,"
    Director:
Mark Levinson
| 
    Stars:
David Kaplan, 
Fabiola Gianotti, 
Sherwood Boehlert, 
Joel Hefley
",7271,99,0.87
"Money","
Crime, Mystery, Thriller            ",5.5,"
    Director:
Martín Rosete
| 
    Stars:
Jesse Williams, 
Kellan Lutz, 
Jamie Bamber, 
Jess Weixler
",2806,86,1.02
"Sufat Chol","
Drama            ",6.8,"
    Director:
Elite Zexer
| 
    Stars:
Lamis Ammar, 
Ruba Blal, 
Hitham Omari, 
Khadija Al Akel
",3310,87,0.08
"Chiisana eiyû: Kani to tamago to tômei ningen","
Animation, Adventure, Family            ",6.6,"
    Directors:
Yoshiyuki Momose, 
Akihiko Yamashita, 
Hiromasa Yonebayashi
| 
    Stars:
Alex Cazares, 
Jessica DiCicco, 
Scarlett Estevez, 
Todd Haberkorn
",2308,53,0.18
"Undefeated","
Documentary, Sport            ",7.7,"
    Directors:
Daniel Lindsay, 
T.J. Martin
| 
    Stars:
Bill Courtney, 
O.C. Brown, 
Montrail 'Money' Brown, 
Chavis Daniels
",6897,113,0.56
"Papa Hemingway in Cuba","
Biography, Drama            ",6.3,"
    Director:
Bob Yari
| 
    Stars:
Giovanni Ribisi, 
Joely Richardson, 
Adrian Sparks, 
Minka Kelly
",1450,110,1.12
"Ethan Frome","
Drama, Romance            ",6.2,"
    Director:
John Madden
| 
    Stars:
Liam Neeson, 
Patricia Arquette, 
Gil Rood, 
Tate Donovan
",2056,99,0.3
"LUV","
Crime, Drama            ",6,"
    Director:
Sheldon Candis
| 
    Stars:
Common, 
Michael Rainey Jr., 
Dennis Haysbert, 
Danny Glover
",2136,94,0.14
"Touchy Feely","
Comedy, Drama            ",5.3,"
    Director:
Lynn Shelton
| 
    Stars:
Rosemarie DeWitt, 
Elliot Page, 
Josh Pais, 
Scoot McNairy
",3615,88,0.04
"Generation Iron","
Documentary, Drama, Sport            ",7.1,"
    Director:
Vlad Yudin
| 
    Stars:
Arnold Schwarzenegger, 
Mickey Rourke, 
Michael Jai White, 
Lou Ferrigno
",7715,106,0.85
"Sleep, My Love","
Drama, Film-Noir, Mystery            ",6.8,"
    Director:
Douglas Sirk
| 
    Stars:
Claudette Colbert, 
Robert Cummings, 
Don Ameche, 
Rita Johnson
",1631,97,1.8
"Bethany Hamilton: Unstoppable","
Documentary, Sport            ",7.4,"
    Director:
Aaron Lieber
| 
    Stars:
Alana Blanchard, 
Adam Dirks, 
Tobias Dirks, 
Madison Graber
",619,100,0.59
"Bettie Page Reveals All","
Documentary, Biography            ",7.1,"
    Director:
Mark Mori
| 
    Stars:
Bettie Page, 
Hugh Hefner, 
Olivia de Berardinis, 
Dita Von Teese
",1459,101,0.1
"The Short Game","
Documentary, Sport            ",7.3,"
    Director:
Josh Greenbaum
| 
    Stars:
Amari Avery, 
Jed Dy, 
Allan Kournikova, 
Zamokuhle Nxasana
",1439,99,0.04
"Al midan","
Documentary, Drama, History            ",8.1,"
    Director:
Jehane Noujaim
| 
    Stars:
Ahmed Hassan, 
Khalid Abdalla, 
Magdy Ashour, 
Ramy Essam
",8795,108,0.12
"Supermensch: The Legend of Shep Gordon","
Documentary, Biography, Music            ",7.4,"
    Directors:
Beth Aala, 
Mike Myers
| 
    Stars:
Shep Gordon, 
Sylvester Stallone, 
Michael Douglas, 
Alice Cooper
",3218,85,0.21
"Nanking","
Biography, History, War            ",7.6,"
    Directors:
Bill Guttentag, 
Dan Sturman
| 
    Stars:
Hugo Armstrong, 
Rosalind Chao, 
Stephen Dorff, 
John Getz
",3416,90,0.16
"Praia do Futuro","
Drama, Romance            ",6.4,"
    Director:
Karim Aïnouz
| 
    Stars:
Wagner Moura, 
Clemens Schick, 
Jesuíta Barbosa, 
Fred Lima
",2939,106,0.02
"Morris from America","
Comedy, Drama, Romance            ",6.2,"
    Director:
Chad Hartigan
| 
    Stars:
Markees Christmas, 
Craig Robinson, 
Carla Juri, 
Patrick Güldenberg
",5201,91,0.09
"Orgasm Inc.","
Documentary            ",5.9,"
    Director:
Elizabeth Canner
| 
    Stars:
Elizabeth Canner, 
Darby Stephens, 
Virgil Place, 
Leland Wilson
",535,73,0.05
"Peter and the Farm","
Documentary            ",7.1,"
    Director:
Tony Stone
| 
    Star:
Peter Dunning
",713,91,0.02
"Yosemite","
Drama            ",4.8,"
    Director:
Gabrielle Demeestere
| 
    Stars:
James Franco, 
Everett Meckler, 
Alec Mansky, 
Calum John
",830,80,0.01
"I Called Him Morgan","
Documentary, Drama, History            ",7.3,"
    Director:
Kasper Collin
| 
    Stars:
Lee Morgan, 
Helen Morgan, 
Wayne Shorter, 
Larry Reni Thomas
",1649,92,0.1
"The Fluffy Movie: Unity Through Laughter","
Documentary, Comedy            ",7.3,"
    Directors:
Manny Rodriguez, 
Jay Lavender
| 
    Stars:
Gabriel Iglesias, 
Jacqueline Obradors, 
Gina Brillon, 
Alfred Robles
",3726,101,2.83
"King's Faith","
Drama            ",6.4,"
    Director:
Nicholas DiBella
| 
    Stars:
Crawford Wilson, 
Lynn Whitfield, 
James McDaniel, 
Kayla Compton
",744,108,0.09
"The Sunshine Makers","
Documentary, History            ",7,"
    Director:
Cosmo Feilding-Mellen
| 
    Stars:
Tim Scully, 
Nick Sand, 
Alice Einhorn, 
Billy Hitchcock
",1344,101,0.01
"Alive Inside","
Documentary, News            ",8.2,"
    Director:
Michael Rossato-Bennett
| 
    Stars:
Dan Cohen, 
Louise Dueno, 
Nell Hardie, 
Norman Hardie
",3058,78,0.15
"Gimme the Loot","
Comedy, Crime, Drama            ",6.6,"
    Director:
Adam Leon
| 
    Stars:
Ty Hickson, 
Tashiana Washington, 
Joshua Rivera, 
Zoë Lescaze
",2461,79,0.1
"Kevin Hart: Let Me Explain","
Documentary, Comedy            ",6.8,"
    Directors:
Leslie Small, 
Tim Story
| 
    Stars:
Kevin Hart, 
Harry Ratchford, 
Will 'Spank' Horton, 
Joey Wells
",8731,75,32.24
"The Overnighters","
Documentary, Drama            ",7.4,"
    Director:
Jesse Moss
| 
    Stars:
Jay Reinke, 
Andrea Reinke, 
Alan Mezo, 
Shelly Schultz
",2386,102,0.11
"Video Games: The Movie","
Documentary, Animation, History            ",6.1,"
    Director:
Jeremy Snead
| 
    Stars:
Sean Astin, 
Al Alcorn, 
Peter Armstrong, 
Cliff Bleszinski
",5421,101,0.02
"War of the Worlds: Goliath","
Animation, Action, Adventure            ",5.4,"
    Director:
Joe Pearson
| 
    Stars:
Adam Baldwin, 
Beau Billingslea, 
Kim Buckingham, 
Jim Byrnes
",1134,85,0.01
"The Bad Kids","
Documentary            ",7,"
    Directors:
Keith Fulton, 
Louis Pepe
| 
    Stars:
Vonda Viland, 
Julia Alexander, 
Laura Ambrosius, 
Robert Bartz
",612,101,0
"Good Ol' Freda","
Documentary, Biography, History            ",7.3,"
    Director:
Ryan White
| 
    Stars:
Freda Kelly, 
Paul McCartney, 
John Lennon, 
George Harrison
",1930,86,0.14
"The Music of Strangers","
Documentary, Music            ",7.7,"
    Director:
Morgan Neville
| 
    Stars:
Yo-Yo Ma, 
Kinan Azmeh, 
Kayhan Kalhor, 
Cristina Pato
",696,96,1.16
"Life's a Breeze","
Comedy, Drama            ",6.3,"
    Director:
Lance Daly
| 
    Stars:
Kelly Thornton, 
Fionnula Flanagan, 
Pat Shortt, 
Eva Birthistle
",1103,83,0
"The Reconstruction of William Zero","
Drama, Mystery, Sci-Fi            ",5.4,"
    Director:
Dan Bush
| 
    Stars:
Conal Byrne, 
Amy Seimetz, 
Scott Poythress, 
Lake Roberts
",1147,98,0
"Dayveon","
Drama            ",6.3,"
    Director:
Amman Abbasi
| 
    Stars:
Devin Blackmon, 
Dontrell Bright, 
Lachion Buckingham, 
Kordell Johnson
",501,75,0
"Green is Gold","
Crime, Drama            ",6,"
    Director:
Ryon Baxter
| 
    Stars:
Derek W. Adam, 
Jimmy Baxter, 
Ryon Baxter, 
Billy Bodie
",945,81,0
"The Final Year","
Documentary            ",6.4,"
    Director:
Greg Barker
| 
    Stars:
Ben Rhodes, 
Samantha Power, 
John Kerry, 
Susan Rice
",3191,89,0.19
"Pandora's Promise","
Documentary            ",7.4,"
    Director:
Robert Stone
| 
    Stars:
Stewart Brand, 
Richard Rhodes, 
Gwyneth Cravens, 
Mark Lynas
",1858,87,0.07
"Revenge of the Electric Car","
Documentary            ",7.2,"
    Director:
Chris Paine
| 
    Stars:
Tim Robbins, 
Dan Neil, 
Danny DeVito, 
Ray Wert
",1808,90,0.15
"Being Elmo: A Puppeteer's Journey","
Documentary            ",7.6,"
    Directors:
Constance Marks, 
Philip Shane
| 
    Stars:
Kevin Clash, 
Whoopi Goldberg, 
Frank Oz, 
Bill Barretta
",6897,80,0.3
"Meet the Mormons","
Documentary            ",6.8,"
    Director:
Blair Treu
| 
    Stars:
Jermaine Sullivan, 
Ken Niumatalolo, 
Carolina Muñoz Marin, 
Bishnu Adhikari
",1973,78,5.88
"Dear Mr. Watterson","
Documentary            ",6.4,"
    Director:
Joel Allen Schroeder
| 
    Stars:
Berkeley Breathed, 
Jef Mallett, 
Stephan Pastis, 
Seth Green
",1834,89,0.01
"An Act of War","
Crime, Drama, Thriller            ",5.2,"
    Director:
Ryan M. Kennedy
| 
    Stars:
Russ Russo, 
Natasha Alam, 
Doug E. Doug, 
Joseph R. Gannascoli
",1422,99,0.11
